CREATE DATABASE  IF NOT EXISTS `mes` /*!40100 DEFAULT CHARACTER SET utf8 */;
USE `mes`;
-- MySQL dump 10.13  Distrib 5.5.37, for debian-linux-gnu (i686)
--
-- Host: localhost    Database: mes
-- ------------------------------------------------------
-- Server version	5.5.37-0ubuntu0.14.04.1

/*!40101 SET @OLD_CHARACTER_SET_CLIENT=@@CHARACTER_SET_CLIENT */;
/*!40101 SET @OLD_CHARACTER_SET_RESULTS=@@CHARACTER_SET_RESULTS */;
/*!40101 SET @OLD_COLLATION_CONNECTION=@@COLLATION_CONNECTION */;
/*!40101 SET NAMES utf8 */;
/*!40103 SET @OLD_TIME_ZONE=@@TIME_ZONE */;
/*!40103 SET TIME_ZONE='+00:00' */;
/*!40014 SET @OLD_UNIQUE_CHECKS=@@UNIQUE_CHECKS, UNIQUE_CHECKS=0 */;
/*!40014 SET @OLD_FOREIGN_KEY_CHECKS=@@FOREIGN_KEY_CHECKS, FOREIGN_KEY_CHECKS=0 */;
/*!40101 SET @OLD_SQL_MODE=@@SQL_MODE, SQL_MODE='NO_AUTO_VALUE_ON_ZERO' */;
/*!40111 SET @OLD_SQL_NOTES=@@SQL_NOTES, SQL_NOTES=0 */;

--
-- Table structure for table `apis`
--

DROP TABLE IF EXISTS `apis`;
/*!40101 SET @saved_cs_client     = @@character_set_client */;
/*!40101 SET character_set_client = utf8 */;
CREATE TABLE `apis` (
  `id` int(11) NOT NULL AUTO_INCREMENT,
  `name` varchar(255) NOT NULL,
  `description` text,
  `salt` varchar(255) NOT NULL,
  `enckey` varchar(255) NOT NULL,
  `acl` longtext NOT NULL,
  `user_id` int(11) NOT NULL,
  `clientkey` varchar(255) NOT NULL,
  `created` datetime DEFAULT NULL,
  PRIMARY KEY (`id`),
  KEY `apis_user_id` (`user_id`)
) ENGINE=InnoDB AUTO_INCREMENT=2 DEFAULT CHARSET=utf8;
/*!40101 SET character_set_client = @saved_cs_client */;

--
-- Dumping data for table `apis`
--

LOCK TABLES `apis` WRITE;
/*!40000 ALTER TABLE `apis` DISABLE KEYS */;
/*!40000 ALTER TABLE `apis` ENABLE KEYS */;
UNLOCK TABLES;

--
-- Table structure for table `attachments`
--

DROP TABLE IF EXISTS `attachments`;
/*!40101 SET @saved_cs_client     = @@character_set_client */;
/*!40101 SET character_set_client = utf8 */;
CREATE TABLE `attachments` (
  `id` int(11) NOT NULL AUTO_INCREMENT,
  `realname` varchar(255) NOT NULL,
  `path` varchar(255) NOT NULL,
  `mail_id` int(11) NOT NULL,
  PRIMARY KEY (`id`),
  KEY `attachments_mail_id` (`mail_id`)
) ENGINE=InnoDB DEFAULT CHARSET=utf8;
/*!40101 SET character_set_client = @saved_cs_client */;

--
-- Dumping data for table `attachments`
--

LOCK TABLES `attachments` WRITE;
/*!40000 ALTER TABLE `attachments` DISABLE KEYS */;
/*!40000 ALTER TABLE `attachments` ENABLE KEYS */;
UNLOCK TABLES;

--
-- Table structure for table `links`
--

DROP TABLE IF EXISTS `links`;
/*!40101 SET @saved_cs_client     = @@character_set_client */;
/*!40101 SET character_set_client = utf8 */;
CREATE TABLE `links` (
  `id` int(11) NOT NULL AUTO_INCREMENT,
  `url` text NOT NULL,
  `recipient_id` int(11) NOT NULL,
  `date` datetime NOT NULL,
  `sending_id` int(11) NOT NULL,
  PRIMARY KEY (`id`),
  KEY `recipient_id` (`recipient_id`),
  KEY `sending_id` (`sending_id`)
) ENGINE=InnoDB AUTO_INCREMENT=6 DEFAULT CHARSET=utf8;
/*!40101 SET character_set_client = @saved_cs_client */;

--
-- Dumping data for table `links`
--

LOCK TABLES `links` WRITE;
/*!40000 ALTER TABLE `links` DISABLE KEYS */;
INSERT INTO `links` VALUES (1,'http://127.0.0.1/mes/unsuscribe?recipient=key=$2a$10$Lf4Tt952PArx52V7bq3Guu8vRz8w8tafSxOCmeg/TPVKhOaPhOcLC&sending=48redirect=',180,'2014-02-21 14:56:31',48),(2,'http://127.0.0.1/mes/unsuscribe?recipient=key=$2a$10$Lf4Tt952PArx52V7bq3Guu8vRz8w8tafSxOCmeg/TPVKhOaPhOcLC&sending=49redirect=',181,'2014-02-21 15:02:36',49),(3,'http://127.0.0.1/mes/unsubscribe?recipient=182&key=$2a$10$Lf4Tt952PArx52V7bq3Guu8vRz8w8tafSxOCmeg/TPVKhOaPhOcLC&sending=50redirect=',182,'2014-02-21 15:04:01',50),(4,'http://127.0.0.1/mes/unsubscribe?recipient=183&key=$2a$10$Lf4Tt952PArx52V7bq3Guu8vRz8w8tafSxOCmeg/TPVKhOaPhOcLC&sending=51redirect=',183,'2014-02-21 16:12:54',51),(5,'http://127.0.0.1/mes/unsubscribe?recipient=184&key=$2a$10$Lf4Tt952PArx52V7bq3Guu8vRz8w8tafSxOCmeg/TPVKhOaPhOcLC&sending=52redirect=',184,'2014-02-21 16:51:09',52);
/*!40000 ALTER TABLE `links` ENABLE KEYS */;
UNLOCK TABLES;

--
-- Table structure for table `mailinglists`
--

DROP TABLE IF EXISTS `mailinglists`;
/*!40101 SET @saved_cs_client     = @@character_set_client */;
/*!40101 SET character_set_client = utf8 */;
CREATE TABLE `mailinglists` (
  `id` int(11) NOT NULL AUTO_INCREMENT,
  `user_id` int(11) NOT NULL,
  `name` varchar(45) NOT NULL,
  `description` text,
  `created` datetime NOT NULL,
  PRIMARY KEY (`id`),
  KEY `mailinglists_user_id` (`user_id`)
) ENGINE=InnoDB AUTO_INCREMENT=22 DEFAULT CHARSET=utf8;
/*!40101 SET character_set_client = @saved_cs_client */;

--
-- Dumping data for table `mailinglists`
--

LOCK TABLES `mailinglists` WRITE;
/*!40000 ALTER TABLE `mailinglists` DISABLE KEYS */;
INSERT INTO `mailinglists` VALUES (4,1,'lista22','','2013-03-25 15:03:34'),(5,1,'nuova','nuova','2013-03-26 16:16:22'),(6,0,'qqqq','qqqqq','2013-07-26 08:18:31'),(7,0,'aaaaa','aaaaaa','2013-07-26 08:19:10'),(8,0,'aaaaaaaa','aaaaaaaa','2013-07-26 08:19:38'),(9,1,'deded','ededed','2013-07-26 08:19:57'),(20,1,'lista per test invio','','2013-08-13 10:30:48'),(21,1,'lista test disiscrizione','','2014-02-21 13:44:40');
/*!40000 ALTER TABLE `mailinglists` ENABLE KEYS */;
UNLOCK TABLES;

--
-- Table structure for table `mailinglists_members`
--

DROP TABLE IF EXISTS `mailinglists_members`;
/*!40101 SET @saved_cs_client     = @@character_set_client */;
/*!40101 SET character_set_client = utf8 */;
CREATE TABLE `mailinglists_members` (
  `id` int(11) NOT NULL AUTO_INCREMENT,
  `member_id` int(11) NOT NULL,
  `mailinglist_id` int(11) NOT NULL,
  `created` datetime DEFAULT NULL,
  PRIMARY KEY (`id`,`member_id`,`mailinglist_id`),
  KEY `mailinglists_members_mailinglist_id` (`mailinglist_id`),
  KEY `mailinglists_members_member_id` (`member_id`)
) ENGINE=InnoDB AUTO_INCREMENT=60 DEFAULT CHARSET=utf8
/*!50100 PARTITION BY HASH (mailinglist_id)
PARTITIONS 1024 */;
/*!40101 SET character_set_client = @saved_cs_client */;

--
-- Dumping data for table `mailinglists_members`
--

LOCK TABLES `mailinglists_members` WRITE;
/*!40000 ALTER TABLE `mailinglists_members` DISABLE KEYS */;
INSERT INTO `mailinglists_members` VALUES (7,5,4,NULL),(8,6,4,NULL),(9,7,4,NULL),(10,8,4,NULL),(11,9,4,NULL),(12,10,4,NULL),(13,11,4,NULL),(14,12,4,NULL),(15,13,4,NULL),(20,15,4,NULL),(23,18,4,NULL),(28,23,4,NULL),(39,37,4,NULL),(46,42,4,NULL),(50,46,4,NULL),(53,4,4,NULL),(16,14,5,NULL),(18,16,5,NULL),(19,17,5,NULL),(21,15,5,NULL),(22,18,5,NULL),(24,19,5,NULL),(25,20,5,NULL),(26,21,5,NULL),(27,23,5,NULL),(29,26,5,NULL),(30,27,5,NULL),(31,28,5,NULL),(32,29,5,NULL),(33,30,5,NULL),(34,31,5,NULL),(35,32,5,NULL),(36,33,5,NULL),(37,34,5,NULL),(38,35,5,NULL),(41,38,5,NULL),(52,11,5,NULL),(58,61,5,NULL),(59,62,5,NULL),(42,38,9,NULL),(47,43,9,NULL),(57,4,21,NULL);
/*!40000 ALTER TABLE `mailinglists_members` ENABLE KEYS */;
UNLOCK TABLES;

--
-- Table structure for table `mailinglists_sendings`
--

DROP TABLE IF EXISTS `mailinglists_sendings`;
/*!40101 SET @saved_cs_client     = @@character_set_client */;
/*!40101 SET character_set_client = utf8 */;
CREATE TABLE `mailinglists_sendings` (
  `id` int(11) NOT NULL AUTO_INCREMENT,
  `sending_id` int(11) NOT NULL,
  `mailinglist_id` int(11) NOT NULL,
  `mailinglist_name` text NOT NULL,
  PRIMARY KEY (`id`),
  KEY `mailinglists_sendings_mailinglist_id` (`mailinglist_id`),
  KEY `mailinglists_sendings_sending_id` (`sending_id`)
) ENGINE=InnoDB AUTO_INCREMENT=19 DEFAULT CHARSET=utf8;
/*!40101 SET character_set_client = @saved_cs_client */;

--
-- Dumping data for table `mailinglists_sendings`
--

LOCK TABLES `mailinglists_sendings` WRITE;
/*!40000 ALTER TABLE `mailinglists_sendings` DISABLE KEYS */;
INSERT INTO `mailinglists_sendings` VALUES (1,52,21,'lista test disiscrizione'),(4,57,21,'lista test disiscrizione'),(5,58,21,'lista test disiscrizione'),(6,59,21,'lista test disiscrizione'),(7,60,21,'lista test disiscrizione'),(8,61,21,'lista test disiscrizione'),(9,62,21,'lista test disiscrizione'),(10,63,5,'nuova'),(11,64,5,'nuova'),(12,65,5,'nuova'),(13,66,5,'nuova'),(14,67,5,'nuova'),(15,68,5,'nuova'),(16,69,5,'nuova'),(17,70,5,'nuova'),(18,71,5,'nuova');
/*!40000 ALTER TABLE `mailinglists_sendings` ENABLE KEYS */;
UNLOCK TABLES;

--
-- Table structure for table `mailinglists_unsubscriptions`
--

DROP TABLE IF EXISTS `mailinglists_unsubscriptions`;
/*!40101 SET @saved_cs_client     = @@character_set_client */;
/*!40101 SET character_set_client = utf8 */;
CREATE TABLE `mailinglists_unsubscriptions` (
  `id` int(11) NOT NULL AUTO_INCREMENT,
  `mailinglist_id` int(11) NOT NULL,
  `unsubscription_id` int(11) NOT NULL,
  PRIMARY KEY (`id`),
  KEY `mailinglists_unsubscriptions_mailinglist_id` (`mailinglist_id`)
) ENGINE=InnoDB AUTO_INCREMENT=2 DEFAULT CHARSET=utf8;
/*!40101 SET character_set_client = @saved_cs_client */;

--
-- Dumping data for table `mailinglists_unsubscriptions`
--

LOCK TABLES `mailinglists_unsubscriptions` WRITE;
/*!40000 ALTER TABLE `mailinglists_unsubscriptions` DISABLE KEYS */;
INSERT INTO `mailinglists_unsubscriptions` VALUES (1,21,4);
/*!40000 ALTER TABLE `mailinglists_unsubscriptions` ENABLE KEYS */;
UNLOCK TABLES;

--
-- Table structure for table `mails`
--

DROP TABLE IF EXISTS `mails`;
/*!40101 SET @saved_cs_client     = @@character_set_client */;
/*!40101 SET character_set_client = utf8 */;
CREATE TABLE `mails` (
  `id` int(11) NOT NULL AUTO_INCREMENT,
  `user_id` int(11) NOT NULL,
  `name` varchar(255) NOT NULL,
  `description` text,
  `subject` varchar(255) NOT NULL,
  `html` longtext,
  `text` longtext,
  `created` datetime DEFAULT NULL,
  `modified` datetime DEFAULT NULL,
  `html_spam_point` int(11) DEFAULT NULL,
  `text_spam_point` int(11) DEFAULT NULL,
  `html_spam_details` text,
  `text_spam_details` text,
  PRIMARY KEY (`id`),
  KEY `mails_user_id` (`user_id`)
) ENGINE=InnoDB AUTO_INCREMENT=20 DEFAULT CHARSET=utf8;
/*!40101 SET character_set_client = @saved_cs_client */;

--
-- Dumping data for table `mails`
--

LOCK TABLES `mails` WRITE;
/*!40000 ALTER TABLE `mails` DISABLE KEYS */;
INSERT INTO `mails` VALUES (16,1,'qweqe','','qweqwe','<p>prova invio email</p>\r\n','','2013-08-29 13:30:53','2013-10-30 09:29:31',NULL,NULL,NULL,NULL),(17,1,'email prova variabili','','Prova variabili','<p>Gentile {{name}} {{surname}} ,</p>\r\n\r\n<p>Ciao</p>\r\n','Gentile {{name}} {{surname}},\r\n\r\nCiao','2014-02-17 11:39:43','2014-02-17 11:39:43',NULL,NULL,NULL,NULL),(18,1,'Prova disiscrizione','Prova disiscrizione','Prova disiscrizione','<p>Per disiscriverti clicca <a href=\"{{unsubscribe()}}\">QUI</a></p>\r\n\r\n<p><img alt=\"\" src=\"http://devel.powamail.tk//mes/webroot/file_manager/files/1/944250_596049927080238_41769568_n_2.png\" style=\"height:543px; width:498px\" /></p>\r\n','','2014-02-21 13:38:51','2014-05-29 09:21:36',56,0,'HTML_IMAGE_ONLY_08,HTML_MESSAGE,MISSING_FROM,NO_RECEIVED,NO_RELAYS,T_REMOTE_IMAGE',''),(19,1,'prova newsletter','','prova newsletter','<table align=\"center\" border=\"0\" cellpadding=\"0\" cellspacing=\"0\" style=\"width:100%\">\r\n	<tbody>\r\n		<tr>\r\n			<td>\r\n			<table align=\"center\" border=\"0\" cellpadding=\"0\" cellspacing=\"0\" style=\"width:620px\">\r\n				<tbody>\r\n					<tr>\r\n						<td>&nbsp;</td>\r\n					</tr>\r\n					<tr>\r\n						<td>\r\n						<table border=\"0\" cellpadding=\"0\" cellspacing=\"0\" style=\"width:100%\">\r\n							<tbody>\r\n								<tr>\r\n									<td>&nbsp;</td>\r\n									<td><img alt=\"\" src=\"http://127.0.0.1/mes/webroot/file_manager/files/1/msnms_9.ico\" style=\"height:16px; width:16px\" /></td>\r\n									<td>11/03/2014</td>\r\n									<td>&nbsp;</td>\r\n								</tr>\r\n							</tbody>\r\n						</table>\r\n						</td>\r\n					</tr>\r\n					<tr>\r\n						<td>\r\n						<table align=\"center\" border=\"0\" cellpadding=\"0\" cellspacing=\"0\" style=\"width:100%\">\r\n							<tbody>\r\n								<tr>\r\n									<td>&nbsp;</td>\r\n									<td>\r\n									<table border=\"0\" cellpadding=\"0\" cellspacing=\"0\" style=\"width:100%\">\r\n										<tbody>\r\n											<tr>\r\n												<td>&nbsp;</td>\r\n												<td>&nbsp;</td>\r\n												<td>&nbsp;</td>\r\n											</tr>\r\n											<tr>\r\n												<td>&nbsp;</td>\r\n												<td>\r\n												<p>Gentile cliente,</p>\r\n\r\n												<p>lorem ipsum dolor sit amet, consectetur adipiscing elit. Donec at dui metus. Nam turpis augue, suscipit at commodo id, eleifend at est. Sed sapien orci, gravida vel ultricies nec, mollis quis est. Donec sollicitudin bibendum accumsan.<br />\r\n												<br />\r\n												Distinti saluti<br />\r\n												<em>La Direzione</em></p>\r\n												</td>\r\n												<td>&nbsp;</td>\r\n											</tr>\r\n											<tr>\r\n												<td>&nbsp;</td>\r\n												<td>&nbsp;</td>\r\n												<td>&nbsp;</td>\r\n											</tr>\r\n										</tbody>\r\n									</table>\r\n									</td>\r\n									<td>&nbsp;</td>\r\n								</tr>\r\n							</tbody>\r\n						</table>\r\n						</td>\r\n					</tr>\r\n					<tr>\r\n						<td>\r\n						<table border=\"0\" cellpadding=\"0\" cellspacing=\"0\" style=\"width:100%\">\r\n							<tbody>\r\n								<tr>\r\n									<td>&nbsp;</td>\r\n									<td><em>Scopri l&#39;offerta tipo A</em></td>\r\n									<td><strong>&euro; 189,90</strong></td>\r\n									<td>&nbsp;</td>\r\n								</tr>\r\n							</tbody>\r\n						</table>\r\n\r\n						<table border=\"0\" cellpadding=\"0\" cellspacing=\"0\" style=\"width:620px\">\r\n							<tbody>\r\n								<tr>\r\n									<td>&nbsp;</td>\r\n									<td>\r\n									<table border=\"0\" cellpadding=\"0\" cellspacing=\"0\" style=\"width:100%\">\r\n										<tbody>\r\n											<tr>\r\n												<td>&nbsp;</td>\r\n												<td>&nbsp;</td>\r\n												<td>&nbsp;</td>\r\n											</tr>\r\n											<tr>\r\n												<td>&nbsp;</td>\r\n												<td>\r\n												<table border=\"0\" cellpadding=\"0\" cellspacing=\"0\" style=\"width:100%\">\r\n													<tbody>\r\n														<tr>\r\n															<td><img src=\"immagini/img_01.jpg\" style=\"height:153px; width:230px\" /></td>\r\n															<td>&nbsp;</td>\r\n															<td>\r\n															<p>OFFERTA TIPO A</p>\r\n\r\n															<p>lorem ipsum dolor sit amet, consectetur adipiscing elit. Donec at dui metus. Nam turpis augue, suscipit at commodo id, eleifend at est. Sed sapien orci, gravida vel ultricies nec, mollis quis est.</p>\r\n\r\n															<table border=\"0\" cellpadding=\"0\" cellspacing=\"0\">\r\n																<tbody>\r\n																	<tr>\r\n																		<td><a href=\"#\" style=\"text-decoration: none;\"><strong>Dettagli</strong></a></td>\r\n																		<td>&nbsp;</td>\r\n																		<td>&nbsp;</td>\r\n																	</tr>\r\n																</tbody>\r\n															</table>\r\n															</td>\r\n														</tr>\r\n													</tbody>\r\n												</table>\r\n												</td>\r\n												<td>&nbsp;</td>\r\n											</tr>\r\n											<tr>\r\n												<td>&nbsp;</td>\r\n												<td>&nbsp;</td>\r\n												<td>&nbsp;</td>\r\n											</tr>\r\n										</tbody>\r\n									</table>\r\n									</td>\r\n									<td>&nbsp;</td>\r\n								</tr>\r\n							</tbody>\r\n						</table>\r\n\r\n						<table border=\"0\" cellpadding=\"0\" cellspacing=\"0\" style=\"width:100%\">\r\n							<tbody>\r\n								<tr>\r\n									<td>&nbsp;</td>\r\n									<td><em>Scopri l&#39;offerta tipo B</em></td>\r\n									<td><strong>&euro; 209,90</strong></td>\r\n									<td>&nbsp;</td>\r\n								</tr>\r\n							</tbody>\r\n						</table>\r\n\r\n						<table border=\"0\" cellpadding=\"0\" cellspacing=\"0\" style=\"width:620px\">\r\n							<tbody>\r\n								<tr>\r\n									<td>&nbsp;</td>\r\n									<td>\r\n									<table border=\"0\" cellpadding=\"0\" cellspacing=\"0\" style=\"width:100%\">\r\n										<tbody>\r\n											<tr>\r\n												<td>&nbsp;</td>\r\n												<td>&nbsp;</td>\r\n												<td>&nbsp;</td>\r\n											</tr>\r\n											<tr>\r\n												<td>&nbsp;</td>\r\n												<td>\r\n												<table border=\"0\" cellpadding=\"0\" cellspacing=\"0\" style=\"width:100%\">\r\n													<tbody>\r\n														<tr>\r\n															<td>\r\n															<p>OFFERTA TIPO B</p>\r\n\r\n															<p>lorem ipsum dolor sit amet, consectetur adipiscing elit. Donec at dui metus. Nam turpis augue, suscipit at commodo id, eleifend at est. Sed sapien orci, gravida vel ultricies nec, mollis quis est.</p>\r\n\r\n															<table border=\"0\" cellpadding=\"0\" cellspacing=\"0\">\r\n																<tbody>\r\n																	<tr>\r\n																		<td><a href=\"#\" style=\"text-decoration: none;\"><strong>Scopri sul nostro sito</strong></a></td>\r\n																		<td>&nbsp;</td>\r\n																		<td>&nbsp;</td>\r\n																	</tr>\r\n																</tbody>\r\n															</table>\r\n															</td>\r\n															<td>&nbsp;</td>\r\n															<td><img src=\"immagini/img_02.jpg\" style=\"height:153px; width:230px\" /></td>\r\n														</tr>\r\n													</tbody>\r\n												</table>\r\n												</td>\r\n												<td>&nbsp;</td>\r\n											</tr>\r\n											<tr>\r\n												<td>&nbsp;</td>\r\n												<td>&nbsp;</td>\r\n												<td>&nbsp;</td>\r\n											</tr>\r\n										</tbody>\r\n									</table>\r\n									</td>\r\n									<td>&nbsp;</td>\r\n								</tr>\r\n							</tbody>\r\n						</table>\r\n\r\n						<table border=\"0\" cellpadding=\"0\" cellspacing=\"0\" style=\"width:100%\">\r\n							<tbody>\r\n								<tr>\r\n									<td>&nbsp;</td>\r\n									<td><em>Scopri l&#39;offerta tipo C</em></td>\r\n									<td><strong>&euro; 169,90</strong></td>\r\n									<td>&nbsp;</td>\r\n								</tr>\r\n							</tbody>\r\n						</table>\r\n\r\n						<table border=\"0\" cellpadding=\"0\" cellspacing=\"0\" style=\"width:620px\">\r\n							<tbody>\r\n								<tr>\r\n									<td>&nbsp;</td>\r\n									<td>\r\n									<table border=\"0\" cellpadding=\"0\" cellspacing=\"0\" style=\"width:100%\">\r\n										<tbody>\r\n											<tr>\r\n												<td>&nbsp;</td>\r\n												<td>&nbsp;</td>\r\n												<td>&nbsp;</td>\r\n											</tr>\r\n											<tr>\r\n												<td>&nbsp;</td>\r\n												<td>\r\n												<table border=\"0\" cellpadding=\"0\" cellspacing=\"0\" style=\"width:100%\">\r\n													<tbody>\r\n														<tr>\r\n															<td><img src=\"immagini/img_03.jpg\" style=\"height:153px; width:230px\" /></td>\r\n															<td>&nbsp;</td>\r\n															<td>\r\n															<p>OFFERTA TIPO C</p>\r\n\r\n															<p>lorem ipsum dolor sit amet, consectetur adipiscing elit. Donec at dui metus. Nam turpis augue, suscipit at commodo id, eleifend at est. Sed sapien orci, gravida vel ultricies nec, mollis quis est.</p>\r\n\r\n															<table border=\"0\" cellpadding=\"0\" cellspacing=\"0\">\r\n																<tbody>\r\n																	<tr>\r\n																		<td><a href=\"#\" style=\"text-decoration: none;\"><strong>Prenota subito!</strong></a></td>\r\n																		<td>&nbsp;</td>\r\n																		<td>&nbsp;</td>\r\n																	</tr>\r\n																</tbody>\r\n															</table>\r\n															</td>\r\n														</tr>\r\n													</tbody>\r\n												</table>\r\n												</td>\r\n												<td>&nbsp;</td>\r\n											</tr>\r\n											<tr>\r\n												<td>&nbsp;</td>\r\n												<td>&nbsp;</td>\r\n												<td>&nbsp;</td>\r\n											</tr>\r\n										</tbody>\r\n									</table>\r\n									</td>\r\n									<td>&nbsp;</td>\r\n								</tr>\r\n							</tbody>\r\n						</table>\r\n						</td>\r\n					</tr>\r\n				</tbody>\r\n			</table>\r\n\r\n			<table align=\"center\" border=\"0\" cellpadding=\"0\" cellspacing=\"0\" style=\"width:620px\">\r\n				<tbody>\r\n					<tr>\r\n						<td><em>Indirizzo | Telefono | E-mail | <a href=\"#\" style=\"text-decoration: none;\">Sito web</a></em></td>\r\n					</tr>\r\n					<tr>\r\n						<td>&nbsp;</td>\r\n					</tr>\r\n				</tbody>\r\n			</table>\r\n			</td>\r\n		</tr>\r\n	</tbody>\r\n</table>\r\n','','2014-03-12 16:32:56','2014-05-28 09:00:38',0,0,NULL,NULL);
/*!40000 ALTER TABLE `mails` ENABLE KEYS */;
UNLOCK TABLES;

--
-- Table structure for table `memberfields`
--

DROP TABLE IF EXISTS `memberfields`;
/*!40101 SET @saved_cs_client     = @@character_set_client */;
/*!40101 SET character_set_client = utf8 */;
CREATE TABLE `memberfields` (
  `id` int(11) NOT NULL AUTO_INCREMENT,
  `name` varchar(255) NOT NULL,
  `code` varchar(255) NOT NULL,
  `type` int(11) NOT NULL,
  `in_grid` tinyint(1) DEFAULT NULL,
  `user_id` int(11) NOT NULL,
  PRIMARY KEY (`id`),
  KEY `memberfields_user_id` (`user_id`)
) ENGINE=InnoDB AUTO_INCREMENT=7 DEFAULT CHARSET=utf8;
/*!40101 SET character_set_client = @saved_cs_client */;

--
-- Dumping data for table `memberfields`
--

LOCK TABLES `memberfields` WRITE;
/*!40000 ALTER TABLE `memberfields` DISABLE KEYS */;
INSERT INTO `memberfields` VALUES (2,'descrizione2','description',1,0,1),(3,'Data di nascita','data_nascita',3,1,1),(4,'Nome','name',0,1,1),(5,'Cognome','surname',0,1,1),(6,'attivo','attivo',2,1,1);
/*!40000 ALTER TABLE `memberfields` ENABLE KEYS */;
UNLOCK TABLES;

--
-- Table structure for table `memberfieldvalues`
--

DROP TABLE IF EXISTS `memberfieldvalues`;
/*!40101 SET @saved_cs_client     = @@character_set_client */;
/*!40101 SET character_set_client = utf8 */;
CREATE TABLE `memberfieldvalues` (
  `id` int(11) NOT NULL AUTO_INCREMENT,
  `value_varchar` varchar(255) DEFAULT NULL,
  `value_text` mediumtext,
  `value_boolean` tinyint(1) DEFAULT NULL,
  `value_date` date DEFAULT NULL,
  `member_id` int(11) NOT NULL,
  `memberfield_id` int(11) NOT NULL,
  PRIMARY KEY (`id`),
  UNIQUE KEY `memberfieldvalues_member_id_memberfield_id` (`member_id`,`memberfield_id`)
) ENGINE=InnoDB AUTO_INCREMENT=31 DEFAULT CHARSET=utf8;
/*!40101 SET character_set_client = @saved_cs_client */;

--
-- Dumping data for table `memberfieldvalues`
--

LOCK TABLES `memberfieldvalues` WRITE;
/*!40000 ALTER TABLE `memberfieldvalues` DISABLE KEYS */;
INSERT INTO `memberfieldvalues` VALUES (9,NULL,'',NULL,NULL,4,2),(10,NULL,NULL,NULL,'1991-11-23',4,3),(15,'gnoma2',NULL,NULL,NULL,60,4),(16,'goma',NULL,NULL,NULL,60,5),(17,'thomas',NULL,NULL,NULL,4,4),(18,'schiavello',NULL,NULL,NULL,4,5),(19,NULL,'',NULL,NULL,60,2),(20,NULL,NULL,NULL,NULL,60,3),(21,NULL,'',NULL,NULL,45,2),(22,NULL,NULL,NULL,NULL,45,3),(23,'',NULL,NULL,NULL,45,4),(24,'',NULL,NULL,NULL,45,5),(25,NULL,'',NULL,NULL,44,2),(26,NULL,NULL,NULL,NULL,44,3),(27,'',NULL,NULL,NULL,44,4),(28,'',NULL,NULL,NULL,44,5),(29,NULL,NULL,1,NULL,60,6),(30,NULL,NULL,0,NULL,4,6);
/*!40000 ALTER TABLE `memberfieldvalues` ENABLE KEYS */;
UNLOCK TABLES;

--
-- Table structure for table `members`
--

DROP TABLE IF EXISTS `members`;
/*!40101 SET @saved_cs_client     = @@character_set_client */;
/*!40101 SET character_set_client = utf8 */;
CREATE TABLE `members` (
  `id` int(11) NOT NULL AUTO_INCREMENT,
  `email` varchar(255) NOT NULL,
  `secret` varchar(255) NOT NULL,
  `created` datetime DEFAULT NULL,
  `modified` datetime DEFAULT NULL,
  `user_id` int(11) NOT NULL,
  `valid` int(11) DEFAULT NULL,
  PRIMARY KEY (`id`),
  KEY `members_user_id` (`user_id`),
  KEY `members_secret` (`secret`)
) ENGINE=InnoDB AUTO_INCREMENT=63 DEFAULT CHARSET=utf8;
/*!40101 SET character_set_client = @saved_cs_client */;

--
-- Dumping data for table `members`
--

LOCK TABLES `members` WRITE;
/*!40000 ALTER TABLE `members` DISABLE KEYS */;
INSERT INTO `members` VALUES (4,'thomas.schiavello@gmail.com','$2a$10$Lf4Tt952PArx52V7bq3Guu8vRz8w8tafSxOCmeg/TPVKhOaPhOcLC','2013-03-25 16:18:02','2014-03-12 16:34:12',1,1),(5,'lo@lol.it','$2a$10$eZPyIX6LnfjhDEUJazMAUO6ajH7I5Ig31CNvyg4xbSgdslqMEv.Gu','2013-03-26 11:05:44','2013-03-26 11:05:44',1,NULL),(6,'lo@lol.it','$2a$10$sdfRkjV1.d6CSugeLvsxXOQ3nFUWMvNn.XA5UDT.5qEwLeOGki.7G','2013-03-26 12:10:00','2013-03-26 12:10:00',1,NULL),(7,'lo@lol2.it','$2a$10$07lYJbyfZNIWe4NpH9DZXeB.IRtzqVAlSNrlJu8Q.r8OOi6MfCGCq','2013-03-26 12:10:33','2013-03-26 12:10:33',1,NULL),(8,'lo@lol2.it','$2a$10$jQWmmtmnTzNgeLhZsOxx6OcxeH8rnHJ/WNtf5cchoahaTXokA/zJy','2013-03-26 12:10:33','2013-03-26 12:10:33',1,NULL),(9,'lo@lol.it','$2a$10$UMbY0n859xS6mck5ePHYQOj.LdhVua1mYGEa38pSpOI46C3ZD8qIe','2013-03-26 14:48:26','2013-03-26 14:48:26',1,NULL),(10,'aaaa@aaa.it','$2a$10$hDRHYFeAoiwwujs3mBHUye1cEpHLtOtpjJHQWnf3/NDhkaCcGSVIa','2013-03-26 15:05:20','2013-03-26 15:05:20',1,NULL),(11,'thomas.schiavello@two-b.it','$2a$10$63gk15KcVStlPLfy108BnOpyxtGMEchZONET5hvT1XWDfZyyndPJS','2013-03-26 15:07:15','2013-08-13 10:51:44',1,1),(12,'emailasdasdasd@example.com','$2a$10$cvLtlGJKEijq.bJs4pyYI.WZFmTrKckD9ozCewunKdWvpAoGr8OYK','2013-03-26 15:08:14','2013-04-08 15:10:48',1,NULL),(13,'asd@asd.it','$2a$10$3d2Rl2x1byOhUCuPUxsXje3352kzpKxNl790H6HGHXCLgjPd2rR0e','2013-03-26 15:08:43','2013-03-26 15:08:43',1,NULL),(14,'sbiri@sburu.it','$2a$10$A.BSVeHYthXlTI0IEN6nVusQ9Hq.TdETzGWM2166CcB1qoIOLkSc6','2013-03-26 16:16:57','2013-03-26 16:16:57',1,NULL),(15,'email1$@example.com','$2a$10$K04hbtUEL/k8RnjHbcNi1e.Zar7r499eF.Ft5PuV50wDAlI01KXvG','2013-04-08 12:37:10','2013-04-08 15:32:36',1,NULL),(16,'Email2@asds.com','$2a$10$nw54nWZAcB8dQE4zudoDmurvopvscDtMoXEIgbkyZqDK.uAOTFWkG','2013-04-08 12:37:10','2013-04-08 12:37:10',1,NULL),(17,'email3@example.com','$2a$10$Xi62R2HjK5nk2oG2MgtVj.lAN8NvKko9CZ7DX9Eh9jAq2bmW9iaOS','2013-04-08 12:37:10','2013-04-08 12:37:10',1,NULL),(18,'ciccio.pasticcio@cicciolandia.com','$2a$10$tgv1F2as1P81U8HAV.DgWOnTx6MeJ63U1Dl3vpVc2B8fTE575Fqn.','2013-04-08 16:55:31','2013-04-08 16:55:31',1,NULL),(19,'add@dee.it','$2a$10$UoKNLVROTCy8zIEubwpYseyGzI0D9/MtxB3qi9HicOoJanZmCGbMC','2013-04-08 17:24:08','2013-04-08 17:24:08',1,NULL),(20,'Ssdsds.lool@gmail.it','$2a$10$rzIpLG7MqJE3WaEL0cuJ0.W.Mn1liTfUBufEchukeyzEb8Rhbfaay','2013-04-08 17:26:06','2013-04-08 17:26:06',1,NULL),(21,'Ssdsds.lool@gmaisdaaasl.it','$2a$10$6cu03Hl6Vt8pWIBhYrAdkup9rTzAnFiTP86iCGrdyXsdmFBhiSbVu','2013-04-08 17:32:20','2013-04-08 17:32:20',1,NULL),(22,'asd@asd2.it','$2a$10$XL430wprK2sJLvggekUUo.ZOrVZChvaWUEc4q.mOH4631zFVVSfWC','2013-04-19 11:39:40','2013-04-19 11:39:40',1,NULL),(23,'email2_keororo@example.com','$2a$10$dXzYEcpsjP1rzwRgK.UYLO3JLfmaqec.g2lGZZ4oglTWXOvkm4enm','2013-04-19 11:44:11','2013-04-19 11:44:11',1,NULL),(24,'email1_keororo@example.com','$2a$10$S7HM4atH.nipsBMLfEIh7eWUcpfiYUrZmaDPzuQI7KnoxUkQBhEpW','2013-04-19 11:45:22','2013-04-19 11:45:22',1,NULL),(25,'email3_keororo@example.com','$2a$10$sYCeoa1KTsUGylGeVgFVwe0OqA/pnbSOFAfyWF4a4VtwDdBpa6YcG','2013-04-19 11:45:22','2013-04-19 11:45:22',1,NULL),(26,'ddee@eded.it','$2a$10$rMObwHw8kEZ95awXiL5W5usXC892ZnvHSxwpAXJt8WHEGh3NBDHhq','2013-07-25 14:19:00','2013-07-25 14:19:00',1,NULL),(27,'asassds@lol.fff','$2a$10$jEkNKruEJIT3P7NfNwv1SeKcmm4FDheXfMRA2TNiM1kAa7DdRy.lW','2013-07-25 14:21:41','2013-07-25 14:21:41',1,NULL),(28,'c@c.com','$2a$10$psFQLtIJZO11TiOov0o1uuuTlW0rRYZOUEAEJ1TQuvUtD02Z9gc6m','2013-07-25 14:34:24','2013-07-25 14:34:24',1,0),(29,'c@c.cog','$2a$10$qLTYpc3ZHWkoDn9XgxPcFOG0zWEiGNf1J2rvudPXQ0lZKErsNdZYa','2013-07-25 14:35:29','2013-07-25 14:35:29',1,0),(30,'c@c.cox','$2a$10$k0r1jRIGAHvdcBKQW6JX7udVZGXQ49pZjUjp2tYaXSM8Uehf5khAa','2013-07-25 14:35:51','2013-07-25 14:35:51',1,0),(31,'c@c.coz','$2a$10$ObyMoyA7XTiILy6xLuI86eUgrF4ApICxxscsj4.vMvojRYRGlEz46','2013-07-25 14:36:15','2013-07-25 14:36:15',1,0),(32,'a@a.asd','$2a$10$apTnrLIU.HU3P0UV3ij4Jeb5K.dxMwMy4xhwWvKlTbsRwaahuIINC','2013-07-25 14:38:03','2013-07-25 14:38:03',1,0),(33,'ttt@ttt.com','$2a$10$EQNHkirEQP7JWoLLF8c3w.LSFiSiaVZuwuEu8Ya6FVqPcMqdeRR/a','2013-07-25 15:16:58','2013-07-25 15:16:58',1,2),(34,'ttt@ttt.cog','$2a$10$if1dwwucFU7p/nAiz7QgKuEfmRoAtzp0ZK/swXEhOkZtjf5sT/ebi','2013-07-25 15:17:20','2013-07-25 15:17:20',1,0),(35,'ttt@ttt.con','$2a$10$aP.mvwmyPrQTvIDs36Ce7.Kjuf5Rxi67CDzPXZjFAY9GI1JzjhBLG','2013-07-25 15:18:32','2013-07-25 15:18:32',1,0),(36,'strimpel@strimpel.it','','2013-07-26 08:48:20','2013-07-26 08:48:20',1,NULL),(37,'cicci@c.it','','2013-07-26 08:54:25','2013-07-26 08:54:25',1,NULL),(38,'xxx@xxx.xxx','$2a$10$ATH6TmIjCITKKRB5uGjLQ.f1Chak7gV.EV0mx/paX/lsY9Yfqdbuy','2013-07-26 09:08:11','2013-07-26 09:19:13',1,0),(39,'ciao@bau.it','','2013-07-26 13:19:39','2013-07-26 13:19:39',1,NULL),(40,'mmm@mmm.it','','2013-07-26 13:53:05','2013-07-26 13:53:05',1,NULL),(41,'zxcz@xcxc.it','','2013-07-26 13:53:39','2013-07-26 13:53:39',1,NULL),(42,'ninna@nanna.it','','2013-07-30 12:47:19','2013-07-30 12:47:19',1,NULL),(43,'nonna@nnn.it','','2013-07-30 12:48:02','2013-07-30 12:48:02',1,NULL),(44,'cis@ccc.net','','2013-07-30 12:51:10','2014-02-21 10:58:20',1,NULL),(45,'xxx@xxx.xxz','','2013-07-30 12:51:54','2014-02-21 10:57:15',1,NULL),(46,'sbem@sbem.it','','2013-07-30 12:52:19','2013-08-27 13:33:05',1,NULL),(60,'ciccicci@cucucu.com','$2a$10$gqOzqqGrngznIfITmZ6CuO87hBaf0C4vTbvNFMjrDrf2Ph2N3goMe','2014-02-11 15:17:03','2014-03-06 16:09:43',1,2),(61,'culo@camicia.com','','2014-03-26 14:17:40','2014-03-26 14:17:40',1,NULL),(62,'culo@camicia2.com','$2a$10$jvrAF0QaNvuFO0eMviBlI.kfDkoJrdyD2A/AGh1/Y2DmgTOdXqmf.','2014-03-26 14:20:43','2014-03-26 14:20:43',1,NULL);
/*!40000 ALTER TABLE `members` ENABLE KEYS */;
UNLOCK TABLES;

--
-- Table structure for table `recipients`
--

DROP TABLE IF EXISTS `recipients`;
/*!40101 SET @saved_cs_client     = @@character_set_client */;
/*!40101 SET character_set_client = utf8 */;
CREATE TABLE `recipients` (
  `id` int(11) NOT NULL AUTO_INCREMENT,
  `sended` tinyint(1) NOT NULL DEFAULT '0',
  `sended_time` varchar(50) DEFAULT NULL,
  `errors` tinyint(1) DEFAULT '0',
  `errors_details` text,
  `sending_id` int(11) NOT NULL,
  `opened` tinyint(1) DEFAULT '0',
  `opened_time` datetime DEFAULT NULL,
  `device` varchar(255) DEFAULT NULL,
  `os` varchar(255) DEFAULT NULL,
  `browser` varchar(255) DEFAULT NULL,
  `lat` float DEFAULT NULL,
  `lon` float DEFAULT NULL,
  `country` varchar(255) DEFAULT NULL,
  `region` varchar(255) DEFAULT NULL,
  `member_id` int(11) NOT NULL,
  `member_data` longtext NOT NULL,
  `member_email` varchar(255) NOT NULL,
  `member_secret` varchar(255) NOT NULL,
  `user_id` int(11) NOT NULL,
  `city` varchar(255) DEFAULT NULL,
  PRIMARY KEY (`id`,`sending_id`),
  KEY `recipients_sending_id` (`sending_id`),
  KEY `recipients_member_secret` (`member_secret`)
) ENGINE=InnoDB AUTO_INCREMENT=404 DEFAULT CHARSET=utf8
/*!50100 PARTITION BY LINEAR HASH (sending_id)
PARTITIONS 1024 */;
/*!40101 SET character_set_client = @saved_cs_client */;

--
-- Dumping data for table `recipients`
--

LOCK TABLES `recipients` WRITE;
/*!40000 ALTER TABLE `recipients` DISABLE KEYS */;
INSERT INTO `recipients` VALUES (49,1,'1383126023',0,NULL,9,1,'2013-10-30 09:46:27','Pc','unknown','Default Browser',NULL,NULL,NULL,NULL,4,'','thomas.schiavello@gmail.com','$2a$10$aohJxik5Nrwu1u79U7.F1.ORJBCITINZTTHjUYv9jncl28DEEBHce',0,NULL),(50,1,'1383126026',0,NULL,9,NULL,NULL,NULL,NULL,NULL,NULL,NULL,NULL,NULL,47,'','gne@gne.it','',0,NULL),(51,1,'1383126682',0,NULL,10,1,'2013-10-30 09:52:26','Pc','unknown','Default Browser',NULL,NULL,NULL,NULL,4,'','thomas.schiavello@gmail.com','$2a$10$aohJxik5Nrwu1u79U7.F1.ORJBCITINZTTHjUYv9jncl28DEEBHce',0,NULL),(52,1,'1383126686',0,NULL,10,NULL,NULL,NULL,NULL,NULL,NULL,NULL,NULL,NULL,47,'','gne@gne.it','',0,NULL),(53,1,'1383142565',0,NULL,11,1,'2013-10-30 14:17:56','Pc','Linux','Chrome',NULL,NULL,NULL,NULL,4,'','thomas.schiavello@gmail.com','$2a$10$aohJxik5Nrwu1u79U7.F1.ORJBCITINZTTHjUYv9jncl28DEEBHce',0,NULL),(54,1,'1383142569',0,NULL,11,NULL,NULL,NULL,NULL,NULL,NULL,NULL,NULL,NULL,47,'','gne@gne.it','',0,NULL),(55,1,'1383144743',0,NULL,12,NULL,NULL,NULL,NULL,NULL,NULL,NULL,NULL,NULL,4,'','thomas.schiavello@gmail.com','$2a$10$aohJxik5Nrwu1u79U7.F1.ORJBCITINZTTHjUYv9jncl28DEEBHce',0,NULL),(56,1,'1383144746',0,NULL,12,NULL,NULL,NULL,NULL,NULL,NULL,NULL,NULL,NULL,47,'','gne@gne.it','',0,NULL),(57,1,'1383144197',0,NULL,13,NULL,NULL,NULL,NULL,NULL,NULL,NULL,NULL,NULL,5,'','lo@lol.it','$2a$10$eZPyIX6LnfjhDEUJazMAUO6ajH7I5Ig31CNvyg4xbSgdslqMEv.Gu',0,NULL),(58,1,'1383144200',0,NULL,13,NULL,NULL,NULL,NULL,NULL,NULL,NULL,NULL,NULL,6,'','lo@lol.it','$2a$10$sdfRkjV1.d6CSugeLvsxXOQ3nFUWMvNn.XA5UDT.5qEwLeOGki.7G',0,NULL),(59,1,'1383144206',0,NULL,13,NULL,NULL,NULL,NULL,NULL,NULL,NULL,NULL,NULL,7,'','lo@lol2.it','$2a$10$07lYJbyfZNIWe4NpH9DZXeB.IRtzqVAlSNrlJu8Q.r8OOi6MfCGCq',0,NULL),(60,1,'1383144210',0,NULL,13,NULL,NULL,NULL,NULL,NULL,NULL,NULL,NULL,NULL,8,'','lo@lol2.it','$2a$10$jQWmmtmnTzNgeLhZsOxx6OcxeH8rnHJ/WNtf5cchoahaTXokA/zJy',0,NULL),(61,1,'1383144213',0,NULL,13,NULL,NULL,NULL,NULL,NULL,NULL,NULL,NULL,NULL,9,'','lo@lol.it','$2a$10$UMbY0n859xS6mck5ePHYQOj.LdhVua1mYGEa38pSpOI46C3ZD8qIe',0,NULL),(62,1,'1383144216',0,NULL,13,NULL,NULL,NULL,NULL,NULL,NULL,NULL,NULL,NULL,10,'','aaaa@aaa.it','$2a$10$hDRHYFeAoiwwujs3mBHUye1cEpHLtOtpjJHQWnf3/NDhkaCcGSVIa',0,NULL),(63,1,'1383144222',0,NULL,13,NULL,NULL,NULL,NULL,NULL,NULL,NULL,NULL,NULL,11,'','thomas.schiavello@two-b.it','$2a$10$63gk15KcVStlPLfy108BnOpyxtGMEchZONET5hvT1XWDfZyyndPJS',0,NULL),(64,1,'1383144226',0,NULL,13,NULL,NULL,NULL,NULL,NULL,NULL,NULL,NULL,NULL,12,'','emailasdasdasd@example.com','$2a$10$cvLtlGJKEijq.bJs4pyYI.WZFmTrKckD9ozCewunKdWvpAoGr8OYK',0,NULL),(65,1,'1383144232',0,NULL,13,NULL,NULL,NULL,NULL,NULL,NULL,NULL,NULL,NULL,13,'','asd@asd.it','$2a$10$3d2Rl2x1byOhUCuPUxsXje3352kzpKxNl790H6HGHXCLgjPd2rR0e',0,NULL),(66,1,'1383144238',0,NULL,13,NULL,NULL,NULL,NULL,NULL,NULL,NULL,NULL,NULL,15,'','email1$@example.com','$2a$10$K04hbtUEL/k8RnjHbcNi1e.Zar7r499eF.Ft5PuV50wDAlI01KXvG',0,NULL),(67,1,'1383144244',0,NULL,13,NULL,NULL,NULL,NULL,NULL,NULL,NULL,NULL,NULL,18,'','ciccio.pasticcio@cicciolandia.com','$2a$10$tgv1F2as1P81U8HAV.DgWOnTx6MeJ63U1Dl3vpVc2B8fTE575Fqn.',0,NULL),(68,1,'1383144248',0,NULL,13,NULL,NULL,NULL,NULL,NULL,NULL,NULL,NULL,NULL,23,'','email2_keororo@example.com','$2a$10$dXzYEcpsjP1rzwRgK.UYLO3JLfmaqec.g2lGZZ4oglTWXOvkm4enm',0,NULL),(69,1,'1383144252',0,NULL,13,NULL,NULL,NULL,NULL,NULL,NULL,NULL,NULL,NULL,37,'','cicci@c.it','',0,NULL),(70,1,'1383144258',0,NULL,13,NULL,NULL,NULL,NULL,NULL,NULL,NULL,NULL,NULL,42,'','ninna@nanna.it','',0,NULL),(71,1,'1383144263',0,NULL,13,NULL,NULL,NULL,NULL,NULL,NULL,NULL,NULL,NULL,46,'','sbem@sbem.it','',0,NULL),(72,1,'1383144266',0,NULL,13,NULL,NULL,NULL,NULL,NULL,NULL,NULL,NULL,NULL,4,'','thomas.schiavello@gmail.com','$2a$10$aohJxik5Nrwu1u79U7.F1.ORJBCITINZTTHjUYv9jncl28DEEBHce',0,NULL),(73,1,'1383144270',0,NULL,13,NULL,NULL,NULL,NULL,NULL,NULL,NULL,NULL,NULL,4,'','thomas.schiavello@gmail.com','$2a$10$aohJxik5Nrwu1u79U7.F1.ORJBCITINZTTHjUYv9jncl28DEEBHce',0,NULL),(74,1,'1383144274',0,NULL,13,NULL,NULL,NULL,NULL,NULL,NULL,NULL,NULL,NULL,47,'','gne@gne.it','',0,NULL),(75,1,'1383144742',0,NULL,14,NULL,NULL,NULL,NULL,NULL,NULL,NULL,NULL,NULL,4,'','thomas.schiavello@gmail.com','$2a$10$aohJxik5Nrwu1u79U7.F1.ORJBCITINZTTHjUYv9jncl28DEEBHce',0,NULL),(76,1,'1383144745',0,NULL,14,NULL,NULL,NULL,NULL,NULL,NULL,NULL,NULL,NULL,47,'','gne@gne.it','',0,NULL),(77,1,'1383144963',0,NULL,15,NULL,NULL,NULL,NULL,NULL,NULL,NULL,NULL,NULL,4,'','thomas.schiavello@gmail.com','$2a$10$aohJxik5Nrwu1u79U7.F1.ORJBCITINZTTHjUYv9jncl28DEEBHce',0,NULL),(78,1,'1383144966',0,NULL,15,NULL,NULL,NULL,NULL,NULL,NULL,NULL,NULL,NULL,47,'','gne@gne.it','',0,NULL),(79,1,'1383657811',0,NULL,16,1,'2013-11-05 13:23:47','Pc','unknown','Default Browser',NULL,NULL,NULL,NULL,4,'','thomas.schiavello@gmail.com','$2a$10$aohJxik5Nrwu1u79U7.F1.ORJBCITINZTTHjUYv9jncl28DEEBHce',0,NULL),(80,1,'1383657814',0,NULL,16,NULL,NULL,NULL,NULL,NULL,NULL,NULL,NULL,NULL,47,'','gne@gne.it','',0,NULL),(81,1,'1383657931',0,NULL,17,NULL,NULL,NULL,NULL,NULL,NULL,NULL,NULL,NULL,4,'','thomas.schiavello@gmail.com','$2a$10$aohJxik5Nrwu1u79U7.F1.ORJBCITINZTTHjUYv9jncl28DEEBHce',0,NULL),(82,1,'1383657935',0,NULL,17,NULL,NULL,NULL,NULL,NULL,NULL,NULL,NULL,NULL,47,'','gne@gne.it','',0,NULL),(83,1,'1383658002',0,NULL,18,1,'2013-11-05 13:26:54','Pc','unknown','Default Browser',NULL,NULL,NULL,NULL,4,'','thomas.schiavello@gmail.com','$2a$10$aohJxik5Nrwu1u79U7.F1.ORJBCITINZTTHjUYv9jncl28DEEBHce',0,NULL),(84,1,'1383658006',0,NULL,18,NULL,NULL,NULL,NULL,NULL,NULL,NULL,NULL,NULL,47,'','gne@gne.it','',0,NULL),(85,1,'1383658356',0,NULL,19,NULL,NULL,NULL,NULL,NULL,NULL,NULL,NULL,NULL,4,'','thomas.schiavello@gmail.com','$2a$10$aohJxik5Nrwu1u79U7.F1.ORJBCITINZTTHjUYv9jncl28DEEBHce',0,NULL),(86,1,'1383658360',0,NULL,19,NULL,NULL,NULL,NULL,NULL,NULL,NULL,NULL,NULL,47,'','gne@gne.it','',0,NULL),(87,1,'1383658567',0,NULL,20,NULL,NULL,NULL,NULL,NULL,NULL,NULL,NULL,NULL,4,'','thomas.schiavello@gmail.com','$2a$10$aohJxik5Nrwu1u79U7.F1.ORJBCITINZTTHjUYv9jncl28DEEBHce',0,NULL),(88,1,'1383658570',0,NULL,20,NULL,NULL,NULL,NULL,NULL,NULL,NULL,NULL,NULL,47,'','gne@gne.it','',0,NULL),(89,1,'1383658607',0,NULL,21,NULL,NULL,NULL,NULL,NULL,NULL,NULL,NULL,NULL,4,'','thomas.schiavello@gmail.com','$2a$10$aohJxik5Nrwu1u79U7.F1.ORJBCITINZTTHjUYv9jncl28DEEBHce',0,NULL),(90,1,'1383658610',0,NULL,21,NULL,NULL,NULL,NULL,NULL,NULL,NULL,NULL,NULL,47,'','gne@gne.it','',0,NULL),(91,1,'1383658996',0,NULL,22,NULL,NULL,NULL,NULL,NULL,NULL,NULL,NULL,NULL,4,'','thomas.schiavello@gmail.com','$2a$10$aohJxik5Nrwu1u79U7.F1.ORJBCITINZTTHjUYv9jncl28DEEBHce',0,NULL),(92,1,'1383658999',0,NULL,22,NULL,NULL,NULL,NULL,NULL,NULL,NULL,NULL,NULL,47,'','gne@gne.it','',0,NULL),(93,1,'1383659199',0,NULL,23,NULL,NULL,NULL,NULL,NULL,NULL,NULL,NULL,NULL,4,'','thomas.schiavello@gmail.com','$2a$10$aohJxik5Nrwu1u79U7.F1.ORJBCITINZTTHjUYv9jncl28DEEBHce',0,NULL),(94,1,'1383659201',0,NULL,23,NULL,NULL,NULL,NULL,NULL,NULL,NULL,NULL,NULL,47,'','gne@gne.it','',0,NULL),(95,1,'1383659808',0,NULL,24,NULL,NULL,NULL,NULL,NULL,NULL,NULL,NULL,NULL,4,'','thomas.schiavello@gmail.com','$2a$10$aohJxik5Nrwu1u79U7.F1.ORJBCITINZTTHjUYv9jncl28DEEBHce',0,NULL),(96,0,NULL,1,NULL,24,NULL,NULL,NULL,NULL,NULL,NULL,NULL,NULL,NULL,47,'','gne@gne.it','',0,NULL),(97,1,'1383660083',0,NULL,25,NULL,NULL,NULL,NULL,NULL,NULL,NULL,NULL,NULL,4,'','thomas.schiavello@gmail.com','$2a$10$aohJxik5Nrwu1u79U7.F1.ORJBCITINZTTHjUYv9jncl28DEEBHce',0,NULL),(98,1,'1383660086',0,NULL,25,NULL,NULL,NULL,NULL,NULL,NULL,NULL,NULL,NULL,47,'','gne@gne.it','',0,NULL),(99,1,'1383660326',0,NULL,26,NULL,NULL,NULL,NULL,NULL,NULL,NULL,NULL,NULL,4,'','thomas.schiavello@gmail.com','$2a$10$aohJxik5Nrwu1u79U7.F1.ORJBCITINZTTHjUYv9jncl28DEEBHce',0,NULL),(100,1,'1383660329',0,NULL,26,NULL,NULL,NULL,NULL,NULL,NULL,NULL,NULL,NULL,47,'','gne@gne.it','',0,NULL),(101,1,'1383660638',0,NULL,27,NULL,NULL,NULL,NULL,NULL,NULL,NULL,NULL,NULL,4,'','thomas.schiavello@gmail.com','$2a$10$aohJxik5Nrwu1u79U7.F1.ORJBCITINZTTHjUYv9jncl28DEEBHce',0,NULL),(102,1,'1383660642',0,NULL,27,NULL,NULL,NULL,NULL,NULL,NULL,NULL,NULL,NULL,47,'','gne@gne.it','',0,NULL),(103,1,'1383660905',0,NULL,28,NULL,NULL,NULL,NULL,NULL,NULL,NULL,NULL,NULL,4,'','thomas.schiavello@gmail.com','$2a$10$aohJxik5Nrwu1u79U7.F1.ORJBCITINZTTHjUYv9jncl28DEEBHce',0,NULL),(104,1,'1383660907',0,NULL,28,NULL,NULL,NULL,NULL,NULL,NULL,NULL,NULL,NULL,47,'','gne@gne.it','',0,NULL),(105,1,'1383661167',0,NULL,29,NULL,NULL,NULL,NULL,NULL,NULL,NULL,NULL,NULL,5,'','lo@lol.it','$2a$10$eZPyIX6LnfjhDEUJazMAUO6ajH7I5Ig31CNvyg4xbSgdslqMEv.Gu',0,NULL),(106,1,'1383661171',0,NULL,29,NULL,NULL,NULL,NULL,NULL,NULL,NULL,NULL,NULL,6,'','lo@lol.it','$2a$10$sdfRkjV1.d6CSugeLvsxXOQ3nFUWMvNn.XA5UDT.5qEwLeOGki.7G',0,NULL),(107,1,'1383661175',0,NULL,29,NULL,NULL,NULL,NULL,NULL,NULL,NULL,NULL,NULL,7,'','lo@lol2.it','$2a$10$07lYJbyfZNIWe4NpH9DZXeB.IRtzqVAlSNrlJu8Q.r8OOi6MfCGCq',0,NULL),(108,1,'1383661178',0,NULL,29,NULL,NULL,NULL,NULL,NULL,NULL,NULL,NULL,NULL,8,'','lo@lol2.it','$2a$10$jQWmmtmnTzNgeLhZsOxx6OcxeH8rnHJ/WNtf5cchoahaTXokA/zJy',0,NULL),(109,1,'1383661182',0,NULL,29,NULL,NULL,NULL,NULL,NULL,NULL,NULL,NULL,NULL,9,'','lo@lol.it','$2a$10$UMbY0n859xS6mck5ePHYQOj.LdhVua1mYGEa38pSpOI46C3ZD8qIe',0,NULL),(110,1,'1383661186',0,NULL,29,NULL,NULL,NULL,NULL,NULL,NULL,NULL,NULL,NULL,10,'','aaaa@aaa.it','$2a$10$hDRHYFeAoiwwujs3mBHUye1cEpHLtOtpjJHQWnf3/NDhkaCcGSVIa',0,NULL),(111,1,'1383661192',0,NULL,29,NULL,NULL,NULL,NULL,NULL,NULL,NULL,NULL,NULL,11,'','thomas.schiavello@two-b.it','$2a$10$63gk15KcVStlPLfy108BnOpyxtGMEchZONET5hvT1XWDfZyyndPJS',0,NULL),(112,1,'1383661196',0,NULL,29,NULL,NULL,NULL,NULL,NULL,NULL,NULL,NULL,NULL,12,'','emailasdasdasd@example.com','$2a$10$cvLtlGJKEijq.bJs4pyYI.WZFmTrKckD9ozCewunKdWvpAoGr8OYK',0,NULL),(113,1,'1383661201',0,NULL,29,NULL,NULL,NULL,NULL,NULL,NULL,NULL,NULL,NULL,13,'','asd@asd.it','$2a$10$3d2Rl2x1byOhUCuPUxsXje3352kzpKxNl790H6HGHXCLgjPd2rR0e',0,NULL),(114,1,'1383661204',0,NULL,29,NULL,NULL,NULL,NULL,NULL,NULL,NULL,NULL,NULL,15,'','email1$@example.com','$2a$10$K04hbtUEL/k8RnjHbcNi1e.Zar7r499eF.Ft5PuV50wDAlI01KXvG',0,NULL),(115,1,'1383661207',0,NULL,29,NULL,NULL,NULL,NULL,NULL,NULL,NULL,NULL,NULL,18,'','ciccio.pasticcio@cicciolandia.com','$2a$10$tgv1F2as1P81U8HAV.DgWOnTx6MeJ63U1Dl3vpVc2B8fTE575Fqn.',0,NULL),(116,1,'1383661210',0,NULL,29,NULL,NULL,NULL,NULL,NULL,NULL,NULL,NULL,NULL,23,'','email2_keororo@example.com','$2a$10$dXzYEcpsjP1rzwRgK.UYLO3JLfmaqec.g2lGZZ4oglTWXOvkm4enm',0,NULL),(117,1,'1383661214',0,NULL,29,NULL,NULL,NULL,NULL,NULL,NULL,NULL,NULL,NULL,37,'','cicci@c.it','',0,NULL),(118,1,'1383661217',0,NULL,29,NULL,NULL,NULL,NULL,NULL,NULL,NULL,NULL,NULL,42,'','ninna@nanna.it','',0,NULL),(119,1,'1383661221',0,NULL,29,NULL,NULL,NULL,NULL,NULL,NULL,NULL,NULL,NULL,46,'','sbem@sbem.it','',0,NULL),(120,1,'1383661224',0,NULL,29,NULL,NULL,NULL,NULL,NULL,NULL,NULL,NULL,NULL,4,'','thomas.schiavello@gmail.com','$2a$10$aohJxik5Nrwu1u79U7.F1.ORJBCITINZTTHjUYv9jncl28DEEBHce',0,NULL),(121,1,'1383661227',0,NULL,29,NULL,NULL,NULL,NULL,NULL,NULL,NULL,NULL,NULL,4,'','thomas.schiavello@gmail.com','$2a$10$aohJxik5Nrwu1u79U7.F1.ORJBCITINZTTHjUYv9jncl28DEEBHce',0,NULL),(122,1,'1383661230',0,NULL,29,NULL,NULL,NULL,NULL,NULL,NULL,NULL,NULL,NULL,47,'','gne@gne.it','',0,NULL),(123,1,'1383661382',0,NULL,30,NULL,NULL,NULL,NULL,NULL,NULL,NULL,NULL,NULL,4,'','thomas.schiavello@gmail.com','$2a$10$aohJxik5Nrwu1u79U7.F1.ORJBCITINZTTHjUYv9jncl28DEEBHce',0,NULL),(124,1,'1383661385',0,NULL,30,NULL,NULL,NULL,NULL,NULL,NULL,NULL,NULL,NULL,47,'','gne@gne.it','',0,NULL),(125,1,'1391531470',0,NULL,31,NULL,NULL,NULL,NULL,NULL,NULL,NULL,NULL,NULL,4,'','thomas.schiavello@gmail.com','$2a$10$aohJxik5Nrwu1u79U7.F1.ORJBCITINZTTHjUYv9jncl28DEEBHce',0,NULL),(126,1,'1391531486',0,NULL,31,NULL,NULL,NULL,NULL,NULL,NULL,NULL,NULL,NULL,47,'','gne@gne.it','',0,NULL),(127,1,'1391533203',0,NULL,32,NULL,NULL,NULL,NULL,NULL,NULL,NULL,NULL,NULL,4,'','thomas.schiavello@gmail.com','$2a$10$aohJxik5Nrwu1u79U7.F1.ORJBCITINZTTHjUYv9jncl28DEEBHce',0,NULL),(128,1,'1391533207',0,NULL,32,NULL,NULL,NULL,NULL,NULL,NULL,NULL,NULL,NULL,47,'','gne@gne.it','',0,NULL),(147,1,'1392637322',0,NULL,36,NULL,NULL,NULL,NULL,NULL,NULL,NULL,NULL,NULL,4,'{\"id\":\"4\",\"email\":\"thomas.schiavello@gmail.com\",\"secret\":\"$2a$10$Lf4Tt952PArx52V7bq3Guu8vRz8w8tafSxOCmeg\\/TPVKhOaPhOcLC\",\"description\":\"\",\"data_nascita\":\"1991-11-23\",\"name\":\"thomas\",\"surname\":\"schiavello\"}','thomas.schiavello@gmail.com','$2a$10$Lf4Tt952PArx52V7bq3Guu8vRz8w8tafSxOCmeg/TPVKhOaPhOcLC',0,NULL),(148,1,'1392637326',0,NULL,36,NULL,NULL,NULL,NULL,NULL,NULL,NULL,NULL,NULL,47,'{\"id\":\"47\",\"email\":\"gne@gne.it\",\"secret\":\"\",\"description\":null,\"data_nascita\":null,\"name\":null,\"surname\":null}','gne@gne.it','',0,NULL),(149,1,'1392637548',0,NULL,37,NULL,NULL,NULL,NULL,NULL,NULL,NULL,NULL,NULL,5,'{\"id\":\"5\",\"email\":\"lo@lol.it\",\"secret\":\"$2a$10$eZPyIX6LnfjhDEUJazMAUO6ajH7I5Ig31CNvyg4xbSgdslqMEv.Gu\",\"description\":null,\"data_nascita\":null,\"name\":null,\"surname\":null}','lo@lol.it','$2a$10$eZPyIX6LnfjhDEUJazMAUO6ajH7I5Ig31CNvyg4xbSgdslqMEv.Gu',0,NULL),(150,1,'1392637556',0,NULL,37,NULL,NULL,NULL,NULL,NULL,NULL,NULL,NULL,NULL,6,'{\"id\":\"6\",\"email\":\"lo@lol.it\",\"secret\":\"$2a$10$sdfRkjV1.d6CSugeLvsxXOQ3nFUWMvNn.XA5UDT.5qEwLeOGki.7G\",\"description\":null,\"data_nascita\":null,\"name\":null,\"surname\":null}','lo@lol.it','$2a$10$sdfRkjV1.d6CSugeLvsxXOQ3nFUWMvNn.XA5UDT.5qEwLeOGki.7G',0,NULL),(151,1,'1392637561',0,NULL,37,NULL,NULL,NULL,NULL,NULL,NULL,NULL,NULL,NULL,7,'{\"id\":\"7\",\"email\":\"lo@lol2.it\",\"secret\":\"$2a$10$07lYJbyfZNIWe4NpH9DZXeB.IRtzqVAlSNrlJu8Q.r8OOi6MfCGCq\",\"description\":null,\"data_nascita\":null,\"name\":null,\"surname\":null}','lo@lol2.it','$2a$10$07lYJbyfZNIWe4NpH9DZXeB.IRtzqVAlSNrlJu8Q.r8OOi6MfCGCq',0,NULL),(152,1,'1392637563',0,NULL,37,NULL,NULL,NULL,NULL,NULL,NULL,NULL,NULL,NULL,8,'{\"id\":\"8\",\"email\":\"lo@lol2.it\",\"secret\":\"$2a$10$jQWmmtmnTzNgeLhZsOxx6OcxeH8rnHJ\\/WNtf5cchoahaTXokA\\/zJy\",\"description\":null,\"data_nascita\":null,\"name\":null,\"surname\":null}','lo@lol2.it','$2a$10$jQWmmtmnTzNgeLhZsOxx6OcxeH8rnHJ/WNtf5cchoahaTXokA/zJy',0,NULL),(153,1,'1392637567',0,NULL,37,NULL,NULL,NULL,NULL,NULL,NULL,NULL,NULL,NULL,9,'{\"id\":\"9\",\"email\":\"lo@lol.it\",\"secret\":\"$2a$10$UMbY0n859xS6mck5ePHYQOj.LdhVua1mYGEa38pSpOI46C3ZD8qIe\",\"description\":null,\"data_nascita\":null,\"name\":null,\"surname\":null}','lo@lol.it','$2a$10$UMbY0n859xS6mck5ePHYQOj.LdhVua1mYGEa38pSpOI46C3ZD8qIe',0,NULL),(154,0,NULL,0,NULL,37,NULL,NULL,NULL,NULL,NULL,NULL,NULL,NULL,NULL,10,'{\"id\":\"10\",\"email\":\"aaaa@aaa.it\",\"secret\":\"$2a$10$hDRHYFeAoiwwujs3mBHUye1cEpHLtOtpjJHQWnf3\\/NDhkaCcGSVIa\",\"description\":null,\"data_nascita\":null,\"name\":null,\"surname\":null}','aaaa@aaa.it','$2a$10$hDRHYFeAoiwwujs3mBHUye1cEpHLtOtpjJHQWnf3/NDhkaCcGSVIa',0,NULL),(155,0,NULL,0,NULL,37,NULL,NULL,NULL,NULL,NULL,NULL,NULL,NULL,NULL,11,'{\"id\":\"11\",\"email\":\"thomas.schiavello@two-b.it\",\"secret\":\"$2a$10$63gk15KcVStlPLfy108BnOpyxtGMEchZONET5hvT1XWDfZyyndPJS\",\"description\":null,\"data_nascita\":null,\"name\":null,\"surname\":null}','thomas.schiavello@two-b.it','$2a$10$63gk15KcVStlPLfy108BnOpyxtGMEchZONET5hvT1XWDfZyyndPJS',0,NULL),(156,0,NULL,0,NULL,37,NULL,NULL,NULL,NULL,NULL,NULL,NULL,NULL,NULL,12,'{\"id\":\"12\",\"email\":\"emailasdasdasd@example.com\",\"secret\":\"$2a$10$cvLtlGJKEijq.bJs4pyYI.WZFmTrKckD9ozCewunKdWvpAoGr8OYK\",\"description\":null,\"data_nascita\":null,\"name\":null,\"surname\":null}','emailasdasdasd@example.com','$2a$10$cvLtlGJKEijq.bJs4pyYI.WZFmTrKckD9ozCewunKdWvpAoGr8OYK',0,NULL),(157,0,NULL,0,NULL,37,NULL,NULL,NULL,NULL,NULL,NULL,NULL,NULL,NULL,13,'{\"id\":\"13\",\"email\":\"asd@asd.it\",\"secret\":\"$2a$10$3d2Rl2x1byOhUCuPUxsXje3352kzpKxNl790H6HGHXCLgjPd2rR0e\",\"description\":null,\"data_nascita\":null,\"name\":null,\"surname\":null}','asd@asd.it','$2a$10$3d2Rl2x1byOhUCuPUxsXje3352kzpKxNl790H6HGHXCLgjPd2rR0e',0,NULL),(158,0,NULL,0,NULL,37,NULL,NULL,NULL,NULL,NULL,NULL,NULL,NULL,NULL,15,'{\"id\":\"15\",\"email\":\"email1$@example.com\",\"secret\":\"$2a$10$K04hbtUEL\\/k8RnjHbcNi1e.Zar7r499eF.Ft5PuV50wDAlI01KXvG\",\"description\":null,\"data_nascita\":null,\"name\":null,\"surname\":null}','email1$@example.com','$2a$10$K04hbtUEL/k8RnjHbcNi1e.Zar7r499eF.Ft5PuV50wDAlI01KXvG',0,NULL),(159,0,NULL,0,NULL,37,NULL,NULL,NULL,NULL,NULL,NULL,NULL,NULL,NULL,18,'{\"id\":\"18\",\"email\":\"ciccio.pasticcio@cicciolandia.com\",\"secret\":\"$2a$10$tgv1F2as1P81U8HAV.DgWOnTx6MeJ63U1Dl3vpVc2B8fTE575Fqn.\",\"description\":null,\"data_nascita\":null,\"name\":null,\"surname\":null}','ciccio.pasticcio@cicciolandia.com','$2a$10$tgv1F2as1P81U8HAV.DgWOnTx6MeJ63U1Dl3vpVc2B8fTE575Fqn.',0,NULL),(160,0,NULL,0,NULL,37,NULL,NULL,NULL,NULL,NULL,NULL,NULL,NULL,NULL,23,'{\"id\":\"23\",\"email\":\"email2_keororo@example.com\",\"secret\":\"$2a$10$dXzYEcpsjP1rzwRgK.UYLO3JLfmaqec.g2lGZZ4oglTWXOvkm4enm\",\"description\":null,\"data_nascita\":null,\"name\":null,\"surname\":null}','email2_keororo@example.com','$2a$10$dXzYEcpsjP1rzwRgK.UYLO3JLfmaqec.g2lGZZ4oglTWXOvkm4enm',0,NULL),(161,0,NULL,0,NULL,37,NULL,NULL,NULL,NULL,NULL,NULL,NULL,NULL,NULL,37,'{\"id\":\"37\",\"email\":\"cicci@c.it\",\"secret\":\"\",\"description\":null,\"data_nascita\":null,\"name\":null,\"surname\":null}','cicci@c.it','',0,NULL),(162,0,NULL,0,NULL,37,NULL,NULL,NULL,NULL,NULL,NULL,NULL,NULL,NULL,42,'{\"id\":\"42\",\"email\":\"ninna@nanna.it\",\"secret\":\"\",\"description\":null,\"data_nascita\":null,\"name\":null,\"surname\":null}','ninna@nanna.it','',0,NULL),(163,0,NULL,0,NULL,37,NULL,NULL,NULL,NULL,NULL,NULL,NULL,NULL,NULL,46,'{\"id\":\"46\",\"email\":\"sbem@sbem.it\",\"secret\":\"\",\"description\":null,\"data_nascita\":null,\"name\":null,\"surname\":null}','sbem@sbem.it','',0,NULL),(164,0,NULL,0,NULL,37,NULL,NULL,NULL,NULL,NULL,NULL,NULL,NULL,NULL,4,'{\"id\":\"4\",\"email\":\"thomas.schiavello@gmail.com\",\"secret\":\"$2a$10$Lf4Tt952PArx52V7bq3Guu8vRz8w8tafSxOCmeg\\/TPVKhOaPhOcLC\",\"description\":\"\",\"data_nascita\":\"1991-11-23\",\"name\":\"thomas\",\"surname\":\"schiavello\"}','thomas.schiavello@gmail.com','$2a$10$Lf4Tt952PArx52V7bq3Guu8vRz8w8tafSxOCmeg/TPVKhOaPhOcLC',0,NULL),(165,1,'1392637975',0,NULL,38,1,'2014-02-17 11:53:53','Pc','unknown','Default Browser',NULL,NULL,NULL,NULL,4,'{\"id\":\"4\",\"email\":\"thomas.schiavello@gmail.com\",\"secret\":\"$2a$10$Lf4Tt952PArx52V7bq3Guu8vRz8w8tafSxOCmeg\\/TPVKhOaPhOcLC\",\"description\":\"\",\"data_nascita\":\"1991-11-23\",\"name\":\"thomas\",\"surname\":\"schiavello\"}','thomas.schiavello@gmail.com','$2a$10$Lf4Tt952PArx52V7bq3Guu8vRz8w8tafSxOCmeg/TPVKhOaPhOcLC',0,NULL),(166,1,'1392637977',0,NULL,38,NULL,NULL,NULL,NULL,NULL,NULL,NULL,NULL,NULL,47,'{\"id\":\"47\",\"email\":\"gne@gne.it\",\"secret\":\"\",\"description\":null,\"data_nascita\":null,\"name\":null,\"surname\":null}','gne@gne.it','',0,NULL),(167,1,'1392638096',0,NULL,39,NULL,NULL,NULL,NULL,NULL,NULL,NULL,NULL,NULL,4,'{\"id\":\"4\",\"email\":\"thomas.schiavello@gmail.com\",\"secret\":\"$2a$10$Lf4Tt952PArx52V7bq3Guu8vRz8w8tafSxOCmeg\\/TPVKhOaPhOcLC\",\"description\":\"\",\"data_nascita\":\"1991-11-23\",\"name\":\"thomas\",\"surname\":\"schiavello\"}','thomas.schiavello@gmail.com','$2a$10$Lf4Tt952PArx52V7bq3Guu8vRz8w8tafSxOCmeg/TPVKhOaPhOcLC',0,NULL),(168,1,'1392638104',0,NULL,39,NULL,NULL,NULL,NULL,NULL,NULL,NULL,NULL,NULL,47,'{\"id\":\"47\",\"email\":\"gne@gne.it\",\"secret\":\"\",\"description\":null,\"data_nascita\":null,\"name\":null,\"surname\":null}','gne@gne.it','',0,NULL),(169,1,'1392638187',0,NULL,40,NULL,NULL,NULL,NULL,NULL,NULL,NULL,NULL,NULL,4,'{\"id\":\"4\",\"email\":\"thomas.schiavello@gmail.com\",\"secret\":\"$2a$10$Lf4Tt952PArx52V7bq3Guu8vRz8w8tafSxOCmeg\\/TPVKhOaPhOcLC\",\"description\":\"\",\"data_nascita\":\"1991-11-23\",\"name\":\"thomas\",\"surname\":\"schiavello\"}','thomas.schiavello@gmail.com','$2a$10$Lf4Tt952PArx52V7bq3Guu8vRz8w8tafSxOCmeg/TPVKhOaPhOcLC',0,NULL),(170,1,'1392638192',0,NULL,40,NULL,NULL,NULL,NULL,NULL,NULL,NULL,NULL,NULL,47,'{\"id\":\"47\",\"email\":\"gne@gne.it\",\"secret\":\"\",\"description\":null,\"data_nascita\":null,\"name\":null,\"surname\":null}','gne@gne.it','',0,NULL),(171,1,'1392638226',0,NULL,41,NULL,NULL,NULL,NULL,NULL,NULL,NULL,NULL,NULL,4,'{\"id\":\"4\",\"email\":\"thomas.schiavello@gmail.com\",\"secret\":\"$2a$10$Lf4Tt952PArx52V7bq3Guu8vRz8w8tafSxOCmeg\\/TPVKhOaPhOcLC\",\"description\":\"\",\"data_nascita\":\"1991-11-23\",\"name\":\"thomas\",\"surname\":\"schiavello\"}','thomas.schiavello@gmail.com','$2a$10$Lf4Tt952PArx52V7bq3Guu8vRz8w8tafSxOCmeg/TPVKhOaPhOcLC',0,NULL),(172,1,'1392638229',0,NULL,41,NULL,NULL,NULL,NULL,NULL,NULL,NULL,NULL,NULL,47,'{\"id\":\"47\",\"email\":\"gne@gne.it\",\"secret\":\"\",\"description\":null,\"data_nascita\":null,\"name\":null,\"surname\":null}','gne@gne.it','',0,NULL),(177,1,'1392994323',0,NULL,45,NULL,NULL,NULL,NULL,NULL,NULL,NULL,NULL,NULL,4,'{\"id\":\"4\",\"email\":\"thomas.schiavello@gmail.com\",\"secret\":\"$2a$10$Lf4Tt952PArx52V7bq3Guu8vRz8w8tafSxOCmeg\\/TPVKhOaPhOcLC\",\"description\":\"\",\"data_nascita\":\"1991-11-23\",\"name\":\"thomas\",\"surname\":\"schiavello\"}','thomas.schiavello@gmail.com','$2a$10$Lf4Tt952PArx52V7bq3Guu8vRz8w8tafSxOCmeg/TPVKhOaPhOcLC',0,NULL),(178,1,'1392994399',0,NULL,46,NULL,NULL,NULL,NULL,NULL,NULL,NULL,NULL,NULL,4,'{\"id\":\"4\",\"email\":\"thomas.schiavello@gmail.com\",\"secret\":\"$2a$10$Lf4Tt952PArx52V7bq3Guu8vRz8w8tafSxOCmeg\\/TPVKhOaPhOcLC\",\"description\":\"\",\"data_nascita\":\"1991-11-23\",\"name\":\"thomas\",\"surname\":\"schiavello\"}','thomas.schiavello@gmail.com','$2a$10$Lf4Tt952PArx52V7bq3Guu8vRz8w8tafSxOCmeg/TPVKhOaPhOcLC',0,NULL),(179,1,'1392994546',0,NULL,47,NULL,NULL,NULL,NULL,NULL,NULL,NULL,NULL,NULL,4,'{\"id\":\"4\",\"email\":\"thomas.schiavello@gmail.com\",\"secret\":\"$2a$10$Lf4Tt952PArx52V7bq3Guu8vRz8w8tafSxOCmeg\\/TPVKhOaPhOcLC\",\"description\":\"\",\"data_nascita\":\"1991-11-23\",\"name\":\"thomas\",\"surname\":\"schiavello\"}','thomas.schiavello@gmail.com','$2a$10$Lf4Tt952PArx52V7bq3Guu8vRz8w8tafSxOCmeg/TPVKhOaPhOcLC',0,NULL),(180,1,'1392994576',0,NULL,48,1,'2014-02-21 14:56:30','Pc','unknown','Default Browser',NULL,NULL,NULL,NULL,4,'{\"id\":\"4\",\"email\":\"thomas.schiavello@gmail.com\",\"secret\":\"$2a$10$Lf4Tt952PArx52V7bq3Guu8vRz8w8tafSxOCmeg\\/TPVKhOaPhOcLC\",\"description\":\"\",\"data_nascita\":\"1991-11-23\",\"name\":\"thomas\",\"surname\":\"schiavello\"}','thomas.schiavello@gmail.com','$2a$10$Lf4Tt952PArx52V7bq3Guu8vRz8w8tafSxOCmeg/TPVKhOaPhOcLC',0,NULL),(181,1,'1392994907',0,NULL,49,1,'2014-02-21 15:02:36','Pc','unknown','Default Browser',NULL,NULL,NULL,NULL,4,'{\"id\":\"4\",\"email\":\"thomas.schiavello@gmail.com\",\"secret\":\"$2a$10$Lf4Tt952PArx52V7bq3Guu8vRz8w8tafSxOCmeg\\/TPVKhOaPhOcLC\",\"description\":\"\",\"data_nascita\":\"1991-11-23\",\"name\":\"thomas\",\"surname\":\"schiavello\"}','thomas.schiavello@gmail.com','$2a$10$Lf4Tt952PArx52V7bq3Guu8vRz8w8tafSxOCmeg/TPVKhOaPhOcLC',0,NULL),(182,1,'1392995028',0,NULL,50,1,'2014-02-21 15:04:01','Pc','unknown','Default Browser',NULL,NULL,NULL,NULL,4,'{\"id\":\"4\",\"email\":\"thomas.schiavello@gmail.com\",\"secret\":\"$2a$10$Lf4Tt952PArx52V7bq3Guu8vRz8w8tafSxOCmeg\\/TPVKhOaPhOcLC\",\"description\":\"\",\"data_nascita\":\"1991-11-23\",\"name\":\"thomas\",\"surname\":\"schiavello\"}','thomas.schiavello@gmail.com','$2a$10$Lf4Tt952PArx52V7bq3Guu8vRz8w8tafSxOCmeg/TPVKhOaPhOcLC',0,NULL),(183,1,'1392999154',0,NULL,51,1,'2014-02-21 16:12:54','Pc','unknown','Default Browser',NULL,NULL,NULL,NULL,4,'{\"id\":\"4\",\"email\":\"thomas.schiavello@gmail.com\",\"secret\":\"$2a$10$Lf4Tt952PArx52V7bq3Guu8vRz8w8tafSxOCmeg\\/TPVKhOaPhOcLC\",\"description\":\"\",\"data_nascita\":\"1991-11-23\",\"name\":\"thomas\",\"surname\":\"schiavello\"}','thomas.schiavello@gmail.com','$2a$10$Lf4Tt952PArx52V7bq3Guu8vRz8w8tafSxOCmeg/TPVKhOaPhOcLC',0,NULL),(184,1,'1393001459',0,NULL,52,1,'2014-02-21 16:51:09','Pc','unknown','Default Browser',NULL,NULL,NULL,NULL,4,'{\"id\":\"4\",\"email\":\"thomas.schiavello@gmail.com\",\"secret\":\"$2a$10$Lf4Tt952PArx52V7bq3Guu8vRz8w8tafSxOCmeg\\/TPVKhOaPhOcLC\",\"description\":\"\",\"data_nascita\":\"1991-11-23\",\"name\":\"thomas\",\"surname\":\"schiavello\"}','thomas.schiavello@gmail.com','$2a$10$Lf4Tt952PArx52V7bq3Guu8vRz8w8tafSxOCmeg/TPVKhOaPhOcLC',0,NULL),(191,1,'1394642177',0,NULL,57,0,NULL,NULL,NULL,NULL,NULL,NULL,NULL,NULL,4,'{\"id\":\"4\",\"email\":\"thomas.schiavello@gmail.com\",\"secret\":\"$2a$10$Lf4Tt952PArx52V7bq3Guu8vRz8w8tafSxOCmeg\\/TPVKhOaPhOcLC\",\"description\":\"\",\"data_nascita\":\"1991-11-23\",\"name\":\"thomas\",\"surname\":\"schiavello\",\"attivo\":false}','thomas.schiavello@gmail.com','$2a$10$Lf4Tt952PArx52V7bq3Guu8vRz8w8tafSxOCmeg/TPVKhOaPhOcLC',0,NULL),(192,1,'1395075439',0,NULL,58,0,NULL,NULL,NULL,NULL,NULL,NULL,NULL,NULL,4,'{\"id\":\"4\",\"email\":\"thomas.schiavello@gmail.com\",\"secret\":\"$2a$10$Lf4Tt952PArx52V7bq3Guu8vRz8w8tafSxOCmeg\\/TPVKhOaPhOcLC\",\"description\":\"\",\"data_nascita\":\"1991-11-23\",\"name\":\"thomas\",\"surname\":\"schiavello\",\"attivo\":false}','thomas.schiavello@gmail.com','$2a$10$Lf4Tt952PArx52V7bq3Guu8vRz8w8tafSxOCmeg/TPVKhOaPhOcLC',0,NULL),(193,1,'1395075804',0,NULL,59,0,NULL,NULL,NULL,NULL,NULL,NULL,NULL,NULL,4,'{\"id\":\"4\",\"email\":\"thomas.schiavello@gmail.com\",\"secret\":\"$2a$10$Lf4Tt952PArx52V7bq3Guu8vRz8w8tafSxOCmeg\\/TPVKhOaPhOcLC\",\"description\":\"\",\"data_nascita\":\"1991-11-23\",\"name\":\"thomas\",\"surname\":\"schiavello\",\"attivo\":false}','thomas.schiavello@gmail.com','$2a$10$Lf4Tt952PArx52V7bq3Guu8vRz8w8tafSxOCmeg/TPVKhOaPhOcLC',0,NULL),(194,1,'1395075868',0,NULL,60,0,NULL,NULL,NULL,NULL,NULL,NULL,NULL,NULL,4,'{\"id\":\"4\",\"email\":\"thomas.schiavello@gmail.com\",\"secret\":\"$2a$10$Lf4Tt952PArx52V7bq3Guu8vRz8w8tafSxOCmeg\\/TPVKhOaPhOcLC\",\"description\":\"\",\"data_nascita\":\"1991-11-23\",\"name\":\"thomas\",\"surname\":\"schiavello\",\"attivo\":false}','thomas.schiavello@gmail.com','$2a$10$Lf4Tt952PArx52V7bq3Guu8vRz8w8tafSxOCmeg/TPVKhOaPhOcLC',0,NULL),(195,1,'1395075941',0,NULL,61,0,NULL,NULL,NULL,NULL,NULL,NULL,NULL,NULL,4,'{\"id\":\"4\",\"email\":\"thomas.schiavello@gmail.com\",\"secret\":\"$2a$10$Lf4Tt952PArx52V7bq3Guu8vRz8w8tafSxOCmeg\\/TPVKhOaPhOcLC\",\"description\":\"\",\"data_nascita\":\"1991-11-23\",\"name\":\"thomas\",\"surname\":\"schiavello\",\"attivo\":false}','thomas.schiavello@gmail.com','$2a$10$Lf4Tt952PArx52V7bq3Guu8vRz8w8tafSxOCmeg/TPVKhOaPhOcLC',0,NULL),(196,1,'1401355382',0,NULL,62,1,'2014-05-29 09:23:12','Pc',NULL,NULL,45.5667,8.05,'IT','Piemonte',4,'{\"id\":\"4\",\"email\":\"thomas.schiavello@gmail.com\",\"secret\":\"$2a$10$Lf4Tt952PArx52V7bq3Guu8vRz8w8tafSxOCmeg\\/TPVKhOaPhOcLC\",\"description\":\"\",\"data_nascita\":\"1991-11-23\",\"name\":\"thomas\",\"surname\":\"schiavello\",\"attivo\":false}','thomas.schiavello@gmail.com','$2a$10$Lf4Tt952PArx52V7bq3Guu8vRz8w8tafSxOCmeg/TPVKhOaPhOcLC',1,'Biella'),(197,1,'1401453615',0,NULL,63,0,NULL,NULL,NULL,NULL,NULL,NULL,NULL,NULL,14,'{\"id\":\"14\",\"email\":\"sbiri@sburu.it\",\"secret\":\"$2a$10$A.BSVeHYthXlTI0IEN6nVusQ9Hq.TdETzGWM2166CcB1qoIOLkSc6\",\"description\":null,\"data_nascita\":null,\"name\":null,\"surname\":null,\"attivo\":null}','sbiri@sburu.it','$2a$10$A.BSVeHYthXlTI0IEN6nVusQ9Hq.TdETzGWM2166CcB1qoIOLkSc6',1,NULL),(198,1,'1401453617',0,NULL,63,0,NULL,NULL,NULL,NULL,NULL,NULL,NULL,NULL,16,'{\"id\":\"16\",\"email\":\"Email2@asds.com\",\"secret\":\"$2a$10$nw54nWZAcB8dQE4zudoDmurvopvscDtMoXEIgbkyZqDK.uAOTFWkG\",\"description\":null,\"data_nascita\":null,\"name\":null,\"surname\":null,\"attivo\":null}','Email2@asds.com','$2a$10$nw54nWZAcB8dQE4zudoDmurvopvscDtMoXEIgbkyZqDK.uAOTFWkG',1,NULL),(199,1,'1401453622',0,NULL,63,0,NULL,NULL,NULL,NULL,NULL,NULL,NULL,NULL,17,'{\"id\":\"17\",\"email\":\"email3@example.com\",\"secret\":\"$2a$10$Xi62R2HjK5nk2oG2MgtVj.lAN8NvKko9CZ7DX9Eh9jAq2bmW9iaOS\",\"description\":null,\"data_nascita\":null,\"name\":null,\"surname\":null,\"attivo\":null}','email3@example.com','$2a$10$Xi62R2HjK5nk2oG2MgtVj.lAN8NvKko9CZ7DX9Eh9jAq2bmW9iaOS',1,NULL),(200,1,'1401453624',0,NULL,63,0,NULL,NULL,NULL,NULL,NULL,NULL,NULL,NULL,15,'{\"id\":\"15\",\"email\":\"email1$@example.com\",\"secret\":\"$2a$10$K04hbtUEL\\/k8RnjHbcNi1e.Zar7r499eF.Ft5PuV50wDAlI01KXvG\",\"description\":null,\"data_nascita\":null,\"name\":null,\"surname\":null,\"attivo\":null}','email1$@example.com','$2a$10$K04hbtUEL/k8RnjHbcNi1e.Zar7r499eF.Ft5PuV50wDAlI01KXvG',1,NULL),(201,1,'1401453628',0,NULL,63,0,NULL,NULL,NULL,NULL,NULL,NULL,NULL,NULL,18,'{\"id\":\"18\",\"email\":\"ciccio.pasticcio@cicciolandia.com\",\"secret\":\"$2a$10$tgv1F2as1P81U8HAV.DgWOnTx6MeJ63U1Dl3vpVc2B8fTE575Fqn.\",\"description\":null,\"data_nascita\":null,\"name\":null,\"surname\":null,\"attivo\":null}','ciccio.pasticcio@cicciolandia.com','$2a$10$tgv1F2as1P81U8HAV.DgWOnTx6MeJ63U1Dl3vpVc2B8fTE575Fqn.',1,NULL),(202,1,'1401453630',0,NULL,63,0,NULL,NULL,NULL,NULL,NULL,NULL,NULL,NULL,19,'{\"id\":\"19\",\"email\":\"add@dee.it\",\"secret\":\"$2a$10$UoKNLVROTCy8zIEubwpYseyGzI0D9\\/MtxB3qi9HicOoJanZmCGbMC\",\"description\":null,\"data_nascita\":null,\"name\":null,\"surname\":null,\"attivo\":null}','add@dee.it','$2a$10$UoKNLVROTCy8zIEubwpYseyGzI0D9/MtxB3qi9HicOoJanZmCGbMC',1,NULL),(203,1,'1401453634',0,NULL,63,0,NULL,NULL,NULL,NULL,NULL,NULL,NULL,NULL,20,'{\"id\":\"20\",\"email\":\"Ssdsds.lool@gmail.it\",\"secret\":\"$2a$10$rzIpLG7MqJE3WaEL0cuJ0.W.Mn1liTfUBufEchukeyzEb8Rhbfaay\",\"description\":null,\"data_nascita\":null,\"name\":null,\"surname\":null,\"attivo\":null}','Ssdsds.lool@gmail.it','$2a$10$rzIpLG7MqJE3WaEL0cuJ0.W.Mn1liTfUBufEchukeyzEb8Rhbfaay',1,NULL),(204,1,'1401453638',0,NULL,63,0,NULL,NULL,NULL,NULL,NULL,NULL,NULL,NULL,21,'{\"id\":\"21\",\"email\":\"Ssdsds.lool@gmaisdaaasl.it\",\"secret\":\"$2a$10$6cu03Hl6Vt8pWIBhYrAdkup9rTzAnFiTP86iCGrdyXsdmFBhiSbVu\",\"description\":null,\"data_nascita\":null,\"name\":null,\"surname\":null,\"attivo\":null}','Ssdsds.lool@gmaisdaaasl.it','$2a$10$6cu03Hl6Vt8pWIBhYrAdkup9rTzAnFiTP86iCGrdyXsdmFBhiSbVu',1,NULL),(205,1,'1401453641',0,NULL,63,0,NULL,NULL,NULL,NULL,NULL,NULL,NULL,NULL,23,'{\"id\":\"23\",\"email\":\"email2_keororo@example.com\",\"secret\":\"$2a$10$dXzYEcpsjP1rzwRgK.UYLO3JLfmaqec.g2lGZZ4oglTWXOvkm4enm\",\"description\":null,\"data_nascita\":null,\"name\":null,\"surname\":null,\"attivo\":null}','email2_keororo@example.com','$2a$10$dXzYEcpsjP1rzwRgK.UYLO3JLfmaqec.g2lGZZ4oglTWXOvkm4enm',1,NULL),(206,1,'1401453643',0,NULL,63,0,NULL,NULL,NULL,NULL,NULL,NULL,NULL,NULL,26,'{\"id\":\"26\",\"email\":\"ddee@eded.it\",\"secret\":\"$2a$10$rMObwHw8kEZ95awXiL5W5usXC892ZnvHSxwpAXJt8WHEGh3NBDHhq\",\"description\":null,\"data_nascita\":null,\"name\":null,\"surname\":null,\"attivo\":null}','ddee@eded.it','$2a$10$rMObwHw8kEZ95awXiL5W5usXC892ZnvHSxwpAXJt8WHEGh3NBDHhq',1,NULL),(207,0,NULL,0,NULL,63,0,NULL,NULL,NULL,NULL,NULL,NULL,NULL,NULL,27,'{\"id\":\"27\",\"email\":\"asassds@lol.fff\",\"secret\":\"$2a$10$jEkNKruEJIT3P7NfNwv1SeKcmm4FDheXfMRA2TNiM1kAa7DdRy.lW\",\"description\":null,\"data_nascita\":null,\"name\":null,\"surname\":null,\"attivo\":null}','asassds@lol.fff','$2a$10$jEkNKruEJIT3P7NfNwv1SeKcmm4FDheXfMRA2TNiM1kAa7DdRy.lW',1,NULL),(208,0,NULL,0,NULL,63,0,NULL,NULL,NULL,NULL,NULL,NULL,NULL,NULL,28,'{\"id\":\"28\",\"email\":\"c@c.com\",\"secret\":\"$2a$10$psFQLtIJZO11TiOov0o1uuuTlW0rRYZOUEAEJ1TQuvUtD02Z9gc6m\",\"description\":null,\"data_nascita\":null,\"name\":null,\"surname\":null,\"attivo\":null}','c@c.com','$2a$10$psFQLtIJZO11TiOov0o1uuuTlW0rRYZOUEAEJ1TQuvUtD02Z9gc6m',1,NULL),(209,0,NULL,0,NULL,63,0,NULL,NULL,NULL,NULL,NULL,NULL,NULL,NULL,29,'{\"id\":\"29\",\"email\":\"c@c.cog\",\"secret\":\"$2a$10$qLTYpc3ZHWkoDn9XgxPcFOG0zWEiGNf1J2rvudPXQ0lZKErsNdZYa\",\"description\":null,\"data_nascita\":null,\"name\":null,\"surname\":null,\"attivo\":null}','c@c.cog','$2a$10$qLTYpc3ZHWkoDn9XgxPcFOG0zWEiGNf1J2rvudPXQ0lZKErsNdZYa',1,NULL),(210,0,NULL,0,NULL,63,0,NULL,NULL,NULL,NULL,NULL,NULL,NULL,NULL,30,'{\"id\":\"30\",\"email\":\"c@c.cox\",\"secret\":\"$2a$10$k0r1jRIGAHvdcBKQW6JX7udVZGXQ49pZjUjp2tYaXSM8Uehf5khAa\",\"description\":null,\"data_nascita\":null,\"name\":null,\"surname\":null,\"attivo\":null}','c@c.cox','$2a$10$k0r1jRIGAHvdcBKQW6JX7udVZGXQ49pZjUjp2tYaXSM8Uehf5khAa',1,NULL),(211,0,NULL,0,NULL,63,0,NULL,NULL,NULL,NULL,NULL,NULL,NULL,NULL,31,'{\"id\":\"31\",\"email\":\"c@c.coz\",\"secret\":\"$2a$10$ObyMoyA7XTiILy6xLuI86eUgrF4ApICxxscsj4.vMvojRYRGlEz46\",\"description\":null,\"data_nascita\":null,\"name\":null,\"surname\":null,\"attivo\":null}','c@c.coz','$2a$10$ObyMoyA7XTiILy6xLuI86eUgrF4ApICxxscsj4.vMvojRYRGlEz46',1,NULL),(212,0,NULL,0,NULL,63,0,NULL,NULL,NULL,NULL,NULL,NULL,NULL,NULL,32,'{\"id\":\"32\",\"email\":\"a@a.asd\",\"secret\":\"$2a$10$apTnrLIU.HU3P0UV3ij4Jeb5K.dxMwMy4xhwWvKlTbsRwaahuIINC\",\"description\":null,\"data_nascita\":null,\"name\":null,\"surname\":null,\"attivo\":null}','a@a.asd','$2a$10$apTnrLIU.HU3P0UV3ij4Jeb5K.dxMwMy4xhwWvKlTbsRwaahuIINC',1,NULL),(213,0,NULL,0,NULL,63,0,NULL,NULL,NULL,NULL,NULL,NULL,NULL,NULL,33,'{\"id\":\"33\",\"email\":\"ttt@ttt.com\",\"secret\":\"$2a$10$EQNHkirEQP7JWoLLF8c3w.LSFiSiaVZuwuEu8Ya6FVqPcMqdeRR\\/a\",\"description\":null,\"data_nascita\":null,\"name\":null,\"surname\":null,\"attivo\":null}','ttt@ttt.com','$2a$10$EQNHkirEQP7JWoLLF8c3w.LSFiSiaVZuwuEu8Ya6FVqPcMqdeRR/a',1,NULL),(214,0,NULL,0,NULL,63,0,NULL,NULL,NULL,NULL,NULL,NULL,NULL,NULL,34,'{\"id\":\"34\",\"email\":\"ttt@ttt.cog\",\"secret\":\"$2a$10$if1dwwucFU7p\\/nAiz7QgKuEfmRoAtzp0ZK\\/swXEhOkZtjf5sT\\/ebi\",\"description\":null,\"data_nascita\":null,\"name\":null,\"surname\":null,\"attivo\":null}','ttt@ttt.cog','$2a$10$if1dwwucFU7p/nAiz7QgKuEfmRoAtzp0ZK/swXEhOkZtjf5sT/ebi',1,NULL),(215,0,NULL,0,NULL,63,0,NULL,NULL,NULL,NULL,NULL,NULL,NULL,NULL,35,'{\"id\":\"35\",\"email\":\"ttt@ttt.con\",\"secret\":\"$2a$10$aP.mvwmyPrQTvIDs36Ce7.Kjuf5Rxi67CDzPXZjFAY9GI1JzjhBLG\",\"description\":null,\"data_nascita\":null,\"name\":null,\"surname\":null,\"attivo\":null}','ttt@ttt.con','$2a$10$aP.mvwmyPrQTvIDs36Ce7.Kjuf5Rxi67CDzPXZjFAY9GI1JzjhBLG',1,NULL),(216,0,NULL,0,NULL,63,0,NULL,NULL,NULL,NULL,NULL,NULL,NULL,NULL,38,'{\"id\":\"38\",\"email\":\"xxx@xxx.xxx\",\"secret\":\"$2a$10$ATH6TmIjCITKKRB5uGjLQ.f1Chak7gV.EV0mx\\/paX\\/lsY9Yfqdbuy\",\"description\":null,\"data_nascita\":null,\"name\":null,\"surname\":null,\"attivo\":null}','xxx@xxx.xxx','$2a$10$ATH6TmIjCITKKRB5uGjLQ.f1Chak7gV.EV0mx/paX/lsY9Yfqdbuy',1,NULL),(217,0,NULL,0,NULL,63,0,NULL,NULL,NULL,NULL,NULL,NULL,NULL,NULL,11,'{\"id\":\"11\",\"email\":\"thomas.schiavello@two-b.it\",\"secret\":\"$2a$10$63gk15KcVStlPLfy108BnOpyxtGMEchZONET5hvT1XWDfZyyndPJS\",\"description\":null,\"data_nascita\":null,\"name\":null,\"surname\":null,\"attivo\":null}','thomas.schiavello@two-b.it','$2a$10$63gk15KcVStlPLfy108BnOpyxtGMEchZONET5hvT1XWDfZyyndPJS',1,NULL),(218,0,NULL,0,NULL,63,0,NULL,NULL,NULL,NULL,NULL,NULL,NULL,NULL,61,'{\"id\":\"61\",\"email\":\"culo@camicia.com\",\"secret\":\"\",\"description\":null,\"data_nascita\":null,\"name\":null,\"surname\":null,\"attivo\":null}','culo@camicia.com','',1,NULL),(219,0,NULL,0,NULL,63,0,NULL,NULL,NULL,NULL,NULL,NULL,NULL,NULL,62,'{\"id\":\"62\",\"email\":\"culo@camicia2.com\",\"secret\":\"$2a$10$jvrAF0QaNvuFO0eMviBlI.kfDkoJrdyD2A\\/AGh1\\/Y2DmgTOdXqmf.\",\"description\":null,\"data_nascita\":null,\"name\":null,\"surname\":null,\"attivo\":null}','culo@camicia2.com','$2a$10$jvrAF0QaNvuFO0eMviBlI.kfDkoJrdyD2A/AGh1/Y2DmgTOdXqmf.',1,NULL),(220,1,'1401453932',0,NULL,64,0,NULL,NULL,NULL,NULL,NULL,NULL,NULL,NULL,14,'{\"id\":\"14\",\"email\":\"sbiri@sburu.it\",\"secret\":\"$2a$10$A.BSVeHYthXlTI0IEN6nVusQ9Hq.TdETzGWM2166CcB1qoIOLkSc6\",\"description\":null,\"data_nascita\":null,\"name\":null,\"surname\":null,\"attivo\":null}','sbiri@sburu.it','$2a$10$A.BSVeHYthXlTI0IEN6nVusQ9Hq.TdETzGWM2166CcB1qoIOLkSc6',1,NULL),(221,1,'1401453935',0,NULL,64,0,NULL,NULL,NULL,NULL,NULL,NULL,NULL,NULL,16,'{\"id\":\"16\",\"email\":\"Email2@asds.com\",\"secret\":\"$2a$10$nw54nWZAcB8dQE4zudoDmurvopvscDtMoXEIgbkyZqDK.uAOTFWkG\",\"description\":null,\"data_nascita\":null,\"name\":null,\"surname\":null,\"attivo\":null}','Email2@asds.com','$2a$10$nw54nWZAcB8dQE4zudoDmurvopvscDtMoXEIgbkyZqDK.uAOTFWkG',1,NULL),(222,1,'1401453937',0,NULL,64,0,NULL,NULL,NULL,NULL,NULL,NULL,NULL,NULL,17,'{\"id\":\"17\",\"email\":\"email3@example.com\",\"secret\":\"$2a$10$Xi62R2HjK5nk2oG2MgtVj.lAN8NvKko9CZ7DX9Eh9jAq2bmW9iaOS\",\"description\":null,\"data_nascita\":null,\"name\":null,\"surname\":null,\"attivo\":null}','email3@example.com','$2a$10$Xi62R2HjK5nk2oG2MgtVj.lAN8NvKko9CZ7DX9Eh9jAq2bmW9iaOS',1,NULL),(223,1,'1401453940',0,NULL,64,0,NULL,NULL,NULL,NULL,NULL,NULL,NULL,NULL,15,'{\"id\":\"15\",\"email\":\"email1$@example.com\",\"secret\":\"$2a$10$K04hbtUEL\\/k8RnjHbcNi1e.Zar7r499eF.Ft5PuV50wDAlI01KXvG\",\"description\":null,\"data_nascita\":null,\"name\":null,\"surname\":null,\"attivo\":null}','email1$@example.com','$2a$10$K04hbtUEL/k8RnjHbcNi1e.Zar7r499eF.Ft5PuV50wDAlI01KXvG',1,NULL),(224,1,'1401453943',0,NULL,64,0,NULL,NULL,NULL,NULL,NULL,NULL,NULL,NULL,18,'{\"id\":\"18\",\"email\":\"ciccio.pasticcio@cicciolandia.com\",\"secret\":\"$2a$10$tgv1F2as1P81U8HAV.DgWOnTx6MeJ63U1Dl3vpVc2B8fTE575Fqn.\",\"description\":null,\"data_nascita\":null,\"name\":null,\"surname\":null,\"attivo\":null}','ciccio.pasticcio@cicciolandia.com','$2a$10$tgv1F2as1P81U8HAV.DgWOnTx6MeJ63U1Dl3vpVc2B8fTE575Fqn.',1,NULL),(225,1,'1401453946',0,NULL,64,0,NULL,NULL,NULL,NULL,NULL,NULL,NULL,NULL,19,'{\"id\":\"19\",\"email\":\"add@dee.it\",\"secret\":\"$2a$10$UoKNLVROTCy8zIEubwpYseyGzI0D9\\/MtxB3qi9HicOoJanZmCGbMC\",\"description\":null,\"data_nascita\":null,\"name\":null,\"surname\":null,\"attivo\":null}','add@dee.it','$2a$10$UoKNLVROTCy8zIEubwpYseyGzI0D9/MtxB3qi9HicOoJanZmCGbMC',1,NULL),(226,1,'1401453948',0,NULL,64,0,NULL,NULL,NULL,NULL,NULL,NULL,NULL,NULL,20,'{\"id\":\"20\",\"email\":\"Ssdsds.lool@gmail.it\",\"secret\":\"$2a$10$rzIpLG7MqJE3WaEL0cuJ0.W.Mn1liTfUBufEchukeyzEb8Rhbfaay\",\"description\":null,\"data_nascita\":null,\"name\":null,\"surname\":null,\"attivo\":null}','Ssdsds.lool@gmail.it','$2a$10$rzIpLG7MqJE3WaEL0cuJ0.W.Mn1liTfUBufEchukeyzEb8Rhbfaay',1,NULL),(227,1,'1401453951',0,NULL,64,0,NULL,NULL,NULL,NULL,NULL,NULL,NULL,NULL,21,'{\"id\":\"21\",\"email\":\"Ssdsds.lool@gmaisdaaasl.it\",\"secret\":\"$2a$10$6cu03Hl6Vt8pWIBhYrAdkup9rTzAnFiTP86iCGrdyXsdmFBhiSbVu\",\"description\":null,\"data_nascita\":null,\"name\":null,\"surname\":null,\"attivo\":null}','Ssdsds.lool@gmaisdaaasl.it','$2a$10$6cu03Hl6Vt8pWIBhYrAdkup9rTzAnFiTP86iCGrdyXsdmFBhiSbVu',1,NULL),(228,1,'1401453953',0,NULL,64,0,NULL,NULL,NULL,NULL,NULL,NULL,NULL,NULL,23,'{\"id\":\"23\",\"email\":\"email2_keororo@example.com\",\"secret\":\"$2a$10$dXzYEcpsjP1rzwRgK.UYLO3JLfmaqec.g2lGZZ4oglTWXOvkm4enm\",\"description\":null,\"data_nascita\":null,\"name\":null,\"surname\":null,\"attivo\":null}','email2_keororo@example.com','$2a$10$dXzYEcpsjP1rzwRgK.UYLO3JLfmaqec.g2lGZZ4oglTWXOvkm4enm',1,NULL),(229,1,'1401453956',0,NULL,64,0,NULL,NULL,NULL,NULL,NULL,NULL,NULL,NULL,26,'{\"id\":\"26\",\"email\":\"ddee@eded.it\",\"secret\":\"$2a$10$rMObwHw8kEZ95awXiL5W5usXC892ZnvHSxwpAXJt8WHEGh3NBDHhq\",\"description\":null,\"data_nascita\":null,\"name\":null,\"surname\":null,\"attivo\":null}','ddee@eded.it','$2a$10$rMObwHw8kEZ95awXiL5W5usXC892ZnvHSxwpAXJt8WHEGh3NBDHhq',1,NULL),(230,0,NULL,0,NULL,64,0,NULL,NULL,NULL,NULL,NULL,NULL,NULL,NULL,27,'{\"id\":\"27\",\"email\":\"asassds@lol.fff\",\"secret\":\"$2a$10$jEkNKruEJIT3P7NfNwv1SeKcmm4FDheXfMRA2TNiM1kAa7DdRy.lW\",\"description\":null,\"data_nascita\":null,\"name\":null,\"surname\":null,\"attivo\":null}','asassds@lol.fff','$2a$10$jEkNKruEJIT3P7NfNwv1SeKcmm4FDheXfMRA2TNiM1kAa7DdRy.lW',1,NULL),(231,0,NULL,0,NULL,64,0,NULL,NULL,NULL,NULL,NULL,NULL,NULL,NULL,28,'{\"id\":\"28\",\"email\":\"c@c.com\",\"secret\":\"$2a$10$psFQLtIJZO11TiOov0o1uuuTlW0rRYZOUEAEJ1TQuvUtD02Z9gc6m\",\"description\":null,\"data_nascita\":null,\"name\":null,\"surname\":null,\"attivo\":null}','c@c.com','$2a$10$psFQLtIJZO11TiOov0o1uuuTlW0rRYZOUEAEJ1TQuvUtD02Z9gc6m',1,NULL),(232,0,NULL,0,NULL,64,0,NULL,NULL,NULL,NULL,NULL,NULL,NULL,NULL,29,'{\"id\":\"29\",\"email\":\"c@c.cog\",\"secret\":\"$2a$10$qLTYpc3ZHWkoDn9XgxPcFOG0zWEiGNf1J2rvudPXQ0lZKErsNdZYa\",\"description\":null,\"data_nascita\":null,\"name\":null,\"surname\":null,\"attivo\":null}','c@c.cog','$2a$10$qLTYpc3ZHWkoDn9XgxPcFOG0zWEiGNf1J2rvudPXQ0lZKErsNdZYa',1,NULL),(233,0,NULL,0,NULL,64,0,NULL,NULL,NULL,NULL,NULL,NULL,NULL,NULL,30,'{\"id\":\"30\",\"email\":\"c@c.cox\",\"secret\":\"$2a$10$k0r1jRIGAHvdcBKQW6JX7udVZGXQ49pZjUjp2tYaXSM8Uehf5khAa\",\"description\":null,\"data_nascita\":null,\"name\":null,\"surname\":null,\"attivo\":null}','c@c.cox','$2a$10$k0r1jRIGAHvdcBKQW6JX7udVZGXQ49pZjUjp2tYaXSM8Uehf5khAa',1,NULL),(234,0,NULL,0,NULL,64,0,NULL,NULL,NULL,NULL,NULL,NULL,NULL,NULL,31,'{\"id\":\"31\",\"email\":\"c@c.coz\",\"secret\":\"$2a$10$ObyMoyA7XTiILy6xLuI86eUgrF4ApICxxscsj4.vMvojRYRGlEz46\",\"description\":null,\"data_nascita\":null,\"name\":null,\"surname\":null,\"attivo\":null}','c@c.coz','$2a$10$ObyMoyA7XTiILy6xLuI86eUgrF4ApICxxscsj4.vMvojRYRGlEz46',1,NULL),(235,0,NULL,0,NULL,64,0,NULL,NULL,NULL,NULL,NULL,NULL,NULL,NULL,32,'{\"id\":\"32\",\"email\":\"a@a.asd\",\"secret\":\"$2a$10$apTnrLIU.HU3P0UV3ij4Jeb5K.dxMwMy4xhwWvKlTbsRwaahuIINC\",\"description\":null,\"data_nascita\":null,\"name\":null,\"surname\":null,\"attivo\":null}','a@a.asd','$2a$10$apTnrLIU.HU3P0UV3ij4Jeb5K.dxMwMy4xhwWvKlTbsRwaahuIINC',1,NULL),(236,0,NULL,0,NULL,64,0,NULL,NULL,NULL,NULL,NULL,NULL,NULL,NULL,33,'{\"id\":\"33\",\"email\":\"ttt@ttt.com\",\"secret\":\"$2a$10$EQNHkirEQP7JWoLLF8c3w.LSFiSiaVZuwuEu8Ya6FVqPcMqdeRR\\/a\",\"description\":null,\"data_nascita\":null,\"name\":null,\"surname\":null,\"attivo\":null}','ttt@ttt.com','$2a$10$EQNHkirEQP7JWoLLF8c3w.LSFiSiaVZuwuEu8Ya6FVqPcMqdeRR/a',1,NULL),(237,0,NULL,0,NULL,64,0,NULL,NULL,NULL,NULL,NULL,NULL,NULL,NULL,34,'{\"id\":\"34\",\"email\":\"ttt@ttt.cog\",\"secret\":\"$2a$10$if1dwwucFU7p\\/nAiz7QgKuEfmRoAtzp0ZK\\/swXEhOkZtjf5sT\\/ebi\",\"description\":null,\"data_nascita\":null,\"name\":null,\"surname\":null,\"attivo\":null}','ttt@ttt.cog','$2a$10$if1dwwucFU7p/nAiz7QgKuEfmRoAtzp0ZK/swXEhOkZtjf5sT/ebi',1,NULL),(238,0,NULL,0,NULL,64,0,NULL,NULL,NULL,NULL,NULL,NULL,NULL,NULL,35,'{\"id\":\"35\",\"email\":\"ttt@ttt.con\",\"secret\":\"$2a$10$aP.mvwmyPrQTvIDs36Ce7.Kjuf5Rxi67CDzPXZjFAY9GI1JzjhBLG\",\"description\":null,\"data_nascita\":null,\"name\":null,\"surname\":null,\"attivo\":null}','ttt@ttt.con','$2a$10$aP.mvwmyPrQTvIDs36Ce7.Kjuf5Rxi67CDzPXZjFAY9GI1JzjhBLG',1,NULL),(239,0,NULL,0,NULL,64,0,NULL,NULL,NULL,NULL,NULL,NULL,NULL,NULL,38,'{\"id\":\"38\",\"email\":\"xxx@xxx.xxx\",\"secret\":\"$2a$10$ATH6TmIjCITKKRB5uGjLQ.f1Chak7gV.EV0mx\\/paX\\/lsY9Yfqdbuy\",\"description\":null,\"data_nascita\":null,\"name\":null,\"surname\":null,\"attivo\":null}','xxx@xxx.xxx','$2a$10$ATH6TmIjCITKKRB5uGjLQ.f1Chak7gV.EV0mx/paX/lsY9Yfqdbuy',1,NULL),(240,0,NULL,0,NULL,64,0,NULL,NULL,NULL,NULL,NULL,NULL,NULL,NULL,11,'{\"id\":\"11\",\"email\":\"thomas.schiavello@two-b.it\",\"secret\":\"$2a$10$63gk15KcVStlPLfy108BnOpyxtGMEchZONET5hvT1XWDfZyyndPJS\",\"description\":null,\"data_nascita\":null,\"name\":null,\"surname\":null,\"attivo\":null}','thomas.schiavello@two-b.it','$2a$10$63gk15KcVStlPLfy108BnOpyxtGMEchZONET5hvT1XWDfZyyndPJS',1,NULL),(241,0,NULL,0,NULL,64,0,NULL,NULL,NULL,NULL,NULL,NULL,NULL,NULL,61,'{\"id\":\"61\",\"email\":\"culo@camicia.com\",\"secret\":\"\",\"description\":null,\"data_nascita\":null,\"name\":null,\"surname\":null,\"attivo\":null}','culo@camicia.com','',1,NULL),(242,0,NULL,0,NULL,64,0,NULL,NULL,NULL,NULL,NULL,NULL,NULL,NULL,62,'{\"id\":\"62\",\"email\":\"culo@camicia2.com\",\"secret\":\"$2a$10$jvrAF0QaNvuFO0eMviBlI.kfDkoJrdyD2A\\/AGh1\\/Y2DmgTOdXqmf.\",\"description\":null,\"data_nascita\":null,\"name\":null,\"surname\":null,\"attivo\":null}','culo@camicia2.com','$2a$10$jvrAF0QaNvuFO0eMviBlI.kfDkoJrdyD2A/AGh1/Y2DmgTOdXqmf.',1,NULL),(243,1,'1401454814',0,NULL,65,0,NULL,NULL,NULL,NULL,NULL,NULL,NULL,NULL,14,'{\"id\":\"14\",\"email\":\"sbiri@sburu.it\",\"secret\":\"$2a$10$A.BSVeHYthXlTI0IEN6nVusQ9Hq.TdETzGWM2166CcB1qoIOLkSc6\",\"description\":null,\"data_nascita\":null,\"name\":null,\"surname\":null,\"attivo\":null}','sbiri@sburu.it','$2a$10$A.BSVeHYthXlTI0IEN6nVusQ9Hq.TdETzGWM2166CcB1qoIOLkSc6',1,NULL),(244,1,'1401454814',0,NULL,65,0,NULL,NULL,NULL,NULL,NULL,NULL,NULL,NULL,16,'{\"id\":\"16\",\"email\":\"Email2@asds.com\",\"secret\":\"$2a$10$nw54nWZAcB8dQE4zudoDmurvopvscDtMoXEIgbkyZqDK.uAOTFWkG\",\"description\":null,\"data_nascita\":null,\"name\":null,\"surname\":null,\"attivo\":null}','Email2@asds.com','$2a$10$nw54nWZAcB8dQE4zudoDmurvopvscDtMoXEIgbkyZqDK.uAOTFWkG',1,NULL),(245,1,'1401454814',0,NULL,65,0,NULL,NULL,NULL,NULL,NULL,NULL,NULL,NULL,17,'{\"id\":\"17\",\"email\":\"email3@example.com\",\"secret\":\"$2a$10$Xi62R2HjK5nk2oG2MgtVj.lAN8NvKko9CZ7DX9Eh9jAq2bmW9iaOS\",\"description\":null,\"data_nascita\":null,\"name\":null,\"surname\":null,\"attivo\":null}','email3@example.com','$2a$10$Xi62R2HjK5nk2oG2MgtVj.lAN8NvKko9CZ7DX9Eh9jAq2bmW9iaOS',1,NULL),(246,1,'1401454814',0,NULL,65,0,NULL,NULL,NULL,NULL,NULL,NULL,NULL,NULL,15,'{\"id\":\"15\",\"email\":\"email1$@example.com\",\"secret\":\"$2a$10$K04hbtUEL\\/k8RnjHbcNi1e.Zar7r499eF.Ft5PuV50wDAlI01KXvG\",\"description\":null,\"data_nascita\":null,\"name\":null,\"surname\":null,\"attivo\":null}','email1$@example.com','$2a$10$K04hbtUEL/k8RnjHbcNi1e.Zar7r499eF.Ft5PuV50wDAlI01KXvG',1,NULL),(247,1,'1401454814',0,NULL,65,0,NULL,NULL,NULL,NULL,NULL,NULL,NULL,NULL,18,'{\"id\":\"18\",\"email\":\"ciccio.pasticcio@cicciolandia.com\",\"secret\":\"$2a$10$tgv1F2as1P81U8HAV.DgWOnTx6MeJ63U1Dl3vpVc2B8fTE575Fqn.\",\"description\":null,\"data_nascita\":null,\"name\":null,\"surname\":null,\"attivo\":null}','ciccio.pasticcio@cicciolandia.com','$2a$10$tgv1F2as1P81U8HAV.DgWOnTx6MeJ63U1Dl3vpVc2B8fTE575Fqn.',1,NULL),(248,1,'1401454814',0,NULL,65,0,NULL,NULL,NULL,NULL,NULL,NULL,NULL,NULL,19,'{\"id\":\"19\",\"email\":\"add@dee.it\",\"secret\":\"$2a$10$UoKNLVROTCy8zIEubwpYseyGzI0D9\\/MtxB3qi9HicOoJanZmCGbMC\",\"description\":null,\"data_nascita\":null,\"name\":null,\"surname\":null,\"attivo\":null}','add@dee.it','$2a$10$UoKNLVROTCy8zIEubwpYseyGzI0D9/MtxB3qi9HicOoJanZmCGbMC',1,NULL),(249,1,'1401454814',0,NULL,65,0,NULL,NULL,NULL,NULL,NULL,NULL,NULL,NULL,20,'{\"id\":\"20\",\"email\":\"Ssdsds.lool@gmail.it\",\"secret\":\"$2a$10$rzIpLG7MqJE3WaEL0cuJ0.W.Mn1liTfUBufEchukeyzEb8Rhbfaay\",\"description\":null,\"data_nascita\":null,\"name\":null,\"surname\":null,\"attivo\":null}','Ssdsds.lool@gmail.it','$2a$10$rzIpLG7MqJE3WaEL0cuJ0.W.Mn1liTfUBufEchukeyzEb8Rhbfaay',1,NULL),(250,1,'1401454814',0,NULL,65,0,NULL,NULL,NULL,NULL,NULL,NULL,NULL,NULL,21,'{\"id\":\"21\",\"email\":\"Ssdsds.lool@gmaisdaaasl.it\",\"secret\":\"$2a$10$6cu03Hl6Vt8pWIBhYrAdkup9rTzAnFiTP86iCGrdyXsdmFBhiSbVu\",\"description\":null,\"data_nascita\":null,\"name\":null,\"surname\":null,\"attivo\":null}','Ssdsds.lool@gmaisdaaasl.it','$2a$10$6cu03Hl6Vt8pWIBhYrAdkup9rTzAnFiTP86iCGrdyXsdmFBhiSbVu',1,NULL),(251,1,'1401454814',0,NULL,65,0,NULL,NULL,NULL,NULL,NULL,NULL,NULL,NULL,23,'{\"id\":\"23\",\"email\":\"email2_keororo@example.com\",\"secret\":\"$2a$10$dXzYEcpsjP1rzwRgK.UYLO3JLfmaqec.g2lGZZ4oglTWXOvkm4enm\",\"description\":null,\"data_nascita\":null,\"name\":null,\"surname\":null,\"attivo\":null}','email2_keororo@example.com','$2a$10$dXzYEcpsjP1rzwRgK.UYLO3JLfmaqec.g2lGZZ4oglTWXOvkm4enm',1,NULL),(252,1,'1401454815',0,NULL,65,0,NULL,NULL,NULL,NULL,NULL,NULL,NULL,NULL,26,'{\"id\":\"26\",\"email\":\"ddee@eded.it\",\"secret\":\"$2a$10$rMObwHw8kEZ95awXiL5W5usXC892ZnvHSxwpAXJt8WHEGh3NBDHhq\",\"description\":null,\"data_nascita\":null,\"name\":null,\"surname\":null,\"attivo\":null}','ddee@eded.it','$2a$10$rMObwHw8kEZ95awXiL5W5usXC892ZnvHSxwpAXJt8WHEGh3NBDHhq',1,NULL),(253,0,NULL,0,NULL,65,0,NULL,NULL,NULL,NULL,NULL,NULL,NULL,NULL,27,'{\"id\":\"27\",\"email\":\"asassds@lol.fff\",\"secret\":\"$2a$10$jEkNKruEJIT3P7NfNwv1SeKcmm4FDheXfMRA2TNiM1kAa7DdRy.lW\",\"description\":null,\"data_nascita\":null,\"name\":null,\"surname\":null,\"attivo\":null}','asassds@lol.fff','$2a$10$jEkNKruEJIT3P7NfNwv1SeKcmm4FDheXfMRA2TNiM1kAa7DdRy.lW',1,NULL),(254,0,NULL,0,NULL,65,0,NULL,NULL,NULL,NULL,NULL,NULL,NULL,NULL,28,'{\"id\":\"28\",\"email\":\"c@c.com\",\"secret\":\"$2a$10$psFQLtIJZO11TiOov0o1uuuTlW0rRYZOUEAEJ1TQuvUtD02Z9gc6m\",\"description\":null,\"data_nascita\":null,\"name\":null,\"surname\":null,\"attivo\":null}','c@c.com','$2a$10$psFQLtIJZO11TiOov0o1uuuTlW0rRYZOUEAEJ1TQuvUtD02Z9gc6m',1,NULL),(255,0,NULL,0,NULL,65,0,NULL,NULL,NULL,NULL,NULL,NULL,NULL,NULL,29,'{\"id\":\"29\",\"email\":\"c@c.cog\",\"secret\":\"$2a$10$qLTYpc3ZHWkoDn9XgxPcFOG0zWEiGNf1J2rvudPXQ0lZKErsNdZYa\",\"description\":null,\"data_nascita\":null,\"name\":null,\"surname\":null,\"attivo\":null}','c@c.cog','$2a$10$qLTYpc3ZHWkoDn9XgxPcFOG0zWEiGNf1J2rvudPXQ0lZKErsNdZYa',1,NULL),(256,0,NULL,0,NULL,65,0,NULL,NULL,NULL,NULL,NULL,NULL,NULL,NULL,30,'{\"id\":\"30\",\"email\":\"c@c.cox\",\"secret\":\"$2a$10$k0r1jRIGAHvdcBKQW6JX7udVZGXQ49pZjUjp2tYaXSM8Uehf5khAa\",\"description\":null,\"data_nascita\":null,\"name\":null,\"surname\":null,\"attivo\":null}','c@c.cox','$2a$10$k0r1jRIGAHvdcBKQW6JX7udVZGXQ49pZjUjp2tYaXSM8Uehf5khAa',1,NULL),(257,0,NULL,0,NULL,65,0,NULL,NULL,NULL,NULL,NULL,NULL,NULL,NULL,31,'{\"id\":\"31\",\"email\":\"c@c.coz\",\"secret\":\"$2a$10$ObyMoyA7XTiILy6xLuI86eUgrF4ApICxxscsj4.vMvojRYRGlEz46\",\"description\":null,\"data_nascita\":null,\"name\":null,\"surname\":null,\"attivo\":null}','c@c.coz','$2a$10$ObyMoyA7XTiILy6xLuI86eUgrF4ApICxxscsj4.vMvojRYRGlEz46',1,NULL),(258,0,NULL,0,NULL,65,0,NULL,NULL,NULL,NULL,NULL,NULL,NULL,NULL,32,'{\"id\":\"32\",\"email\":\"a@a.asd\",\"secret\":\"$2a$10$apTnrLIU.HU3P0UV3ij4Jeb5K.dxMwMy4xhwWvKlTbsRwaahuIINC\",\"description\":null,\"data_nascita\":null,\"name\":null,\"surname\":null,\"attivo\":null}','a@a.asd','$2a$10$apTnrLIU.HU3P0UV3ij4Jeb5K.dxMwMy4xhwWvKlTbsRwaahuIINC',1,NULL),(259,0,NULL,0,NULL,65,0,NULL,NULL,NULL,NULL,NULL,NULL,NULL,NULL,33,'{\"id\":\"33\",\"email\":\"ttt@ttt.com\",\"secret\":\"$2a$10$EQNHkirEQP7JWoLLF8c3w.LSFiSiaVZuwuEu8Ya6FVqPcMqdeRR\\/a\",\"description\":null,\"data_nascita\":null,\"name\":null,\"surname\":null,\"attivo\":null}','ttt@ttt.com','$2a$10$EQNHkirEQP7JWoLLF8c3w.LSFiSiaVZuwuEu8Ya6FVqPcMqdeRR/a',1,NULL),(260,0,NULL,0,NULL,65,0,NULL,NULL,NULL,NULL,NULL,NULL,NULL,NULL,34,'{\"id\":\"34\",\"email\":\"ttt@ttt.cog\",\"secret\":\"$2a$10$if1dwwucFU7p\\/nAiz7QgKuEfmRoAtzp0ZK\\/swXEhOkZtjf5sT\\/ebi\",\"description\":null,\"data_nascita\":null,\"name\":null,\"surname\":null,\"attivo\":null}','ttt@ttt.cog','$2a$10$if1dwwucFU7p/nAiz7QgKuEfmRoAtzp0ZK/swXEhOkZtjf5sT/ebi',1,NULL),(261,0,NULL,0,NULL,65,0,NULL,NULL,NULL,NULL,NULL,NULL,NULL,NULL,35,'{\"id\":\"35\",\"email\":\"ttt@ttt.con\",\"secret\":\"$2a$10$aP.mvwmyPrQTvIDs36Ce7.Kjuf5Rxi67CDzPXZjFAY9GI1JzjhBLG\",\"description\":null,\"data_nascita\":null,\"name\":null,\"surname\":null,\"attivo\":null}','ttt@ttt.con','$2a$10$aP.mvwmyPrQTvIDs36Ce7.Kjuf5Rxi67CDzPXZjFAY9GI1JzjhBLG',1,NULL),(262,0,NULL,0,NULL,65,0,NULL,NULL,NULL,NULL,NULL,NULL,NULL,NULL,38,'{\"id\":\"38\",\"email\":\"xxx@xxx.xxx\",\"secret\":\"$2a$10$ATH6TmIjCITKKRB5uGjLQ.f1Chak7gV.EV0mx\\/paX\\/lsY9Yfqdbuy\",\"description\":null,\"data_nascita\":null,\"name\":null,\"surname\":null,\"attivo\":null}','xxx@xxx.xxx','$2a$10$ATH6TmIjCITKKRB5uGjLQ.f1Chak7gV.EV0mx/paX/lsY9Yfqdbuy',1,NULL),(263,0,NULL,0,NULL,65,0,NULL,NULL,NULL,NULL,NULL,NULL,NULL,NULL,11,'{\"id\":\"11\",\"email\":\"thomas.schiavello@two-b.it\",\"secret\":\"$2a$10$63gk15KcVStlPLfy108BnOpyxtGMEchZONET5hvT1XWDfZyyndPJS\",\"description\":null,\"data_nascita\":null,\"name\":null,\"surname\":null,\"attivo\":null}','thomas.schiavello@two-b.it','$2a$10$63gk15KcVStlPLfy108BnOpyxtGMEchZONET5hvT1XWDfZyyndPJS',1,NULL),(264,0,NULL,0,NULL,65,0,NULL,NULL,NULL,NULL,NULL,NULL,NULL,NULL,61,'{\"id\":\"61\",\"email\":\"culo@camicia.com\",\"secret\":\"\",\"description\":null,\"data_nascita\":null,\"name\":null,\"surname\":null,\"attivo\":null}','culo@camicia.com','',1,NULL),(265,0,NULL,0,NULL,65,0,NULL,NULL,NULL,NULL,NULL,NULL,NULL,NULL,62,'{\"id\":\"62\",\"email\":\"culo@camicia2.com\",\"secret\":\"$2a$10$jvrAF0QaNvuFO0eMviBlI.kfDkoJrdyD2A\\/AGh1\\/Y2DmgTOdXqmf.\",\"description\":null,\"data_nascita\":null,\"name\":null,\"surname\":null,\"attivo\":null}','culo@camicia2.com','$2a$10$jvrAF0QaNvuFO0eMviBlI.kfDkoJrdyD2A/AGh1/Y2DmgTOdXqmf.',1,NULL),(266,1,'1401454864',0,NULL,66,0,NULL,NULL,NULL,NULL,NULL,NULL,NULL,NULL,14,'{\"id\":\"14\",\"email\":\"sbiri@sburu.it\",\"secret\":\"$2a$10$A.BSVeHYthXlTI0IEN6nVusQ9Hq.TdETzGWM2166CcB1qoIOLkSc6\",\"description\":null,\"data_nascita\":null,\"name\":null,\"surname\":null,\"attivo\":null}','sbiri@sburu.it','$2a$10$A.BSVeHYthXlTI0IEN6nVusQ9Hq.TdETzGWM2166CcB1qoIOLkSc6',1,NULL),(267,1,'1401454864',0,NULL,66,0,NULL,NULL,NULL,NULL,NULL,NULL,NULL,NULL,16,'{\"id\":\"16\",\"email\":\"Email2@asds.com\",\"secret\":\"$2a$10$nw54nWZAcB8dQE4zudoDmurvopvscDtMoXEIgbkyZqDK.uAOTFWkG\",\"description\":null,\"data_nascita\":null,\"name\":null,\"surname\":null,\"attivo\":null}','Email2@asds.com','$2a$10$nw54nWZAcB8dQE4zudoDmurvopvscDtMoXEIgbkyZqDK.uAOTFWkG',1,NULL),(268,1,'1401454865',0,NULL,66,0,NULL,NULL,NULL,NULL,NULL,NULL,NULL,NULL,17,'{\"id\":\"17\",\"email\":\"email3@example.com\",\"secret\":\"$2a$10$Xi62R2HjK5nk2oG2MgtVj.lAN8NvKko9CZ7DX9Eh9jAq2bmW9iaOS\",\"description\":null,\"data_nascita\":null,\"name\":null,\"surname\":null,\"attivo\":null}','email3@example.com','$2a$10$Xi62R2HjK5nk2oG2MgtVj.lAN8NvKko9CZ7DX9Eh9jAq2bmW9iaOS',1,NULL),(269,1,'1401454865',0,NULL,66,0,NULL,NULL,NULL,NULL,NULL,NULL,NULL,NULL,15,'{\"id\":\"15\",\"email\":\"email1$@example.com\",\"secret\":\"$2a$10$K04hbtUEL\\/k8RnjHbcNi1e.Zar7r499eF.Ft5PuV50wDAlI01KXvG\",\"description\":null,\"data_nascita\":null,\"name\":null,\"surname\":null,\"attivo\":null}','email1$@example.com','$2a$10$K04hbtUEL/k8RnjHbcNi1e.Zar7r499eF.Ft5PuV50wDAlI01KXvG',1,NULL),(270,1,'1401454866',0,NULL,66,0,NULL,NULL,NULL,NULL,NULL,NULL,NULL,NULL,18,'{\"id\":\"18\",\"email\":\"ciccio.pasticcio@cicciolandia.com\",\"secret\":\"$2a$10$tgv1F2as1P81U8HAV.DgWOnTx6MeJ63U1Dl3vpVc2B8fTE575Fqn.\",\"description\":null,\"data_nascita\":null,\"name\":null,\"surname\":null,\"attivo\":null}','ciccio.pasticcio@cicciolandia.com','$2a$10$tgv1F2as1P81U8HAV.DgWOnTx6MeJ63U1Dl3vpVc2B8fTE575Fqn.',1,NULL),(271,1,'1401454866',0,NULL,66,0,NULL,NULL,NULL,NULL,NULL,NULL,NULL,NULL,19,'{\"id\":\"19\",\"email\":\"add@dee.it\",\"secret\":\"$2a$10$UoKNLVROTCy8zIEubwpYseyGzI0D9\\/MtxB3qi9HicOoJanZmCGbMC\",\"description\":null,\"data_nascita\":null,\"name\":null,\"surname\":null,\"attivo\":null}','add@dee.it','$2a$10$UoKNLVROTCy8zIEubwpYseyGzI0D9/MtxB3qi9HicOoJanZmCGbMC',1,NULL),(272,1,'1401454867',0,NULL,66,0,NULL,NULL,NULL,NULL,NULL,NULL,NULL,NULL,20,'{\"id\":\"20\",\"email\":\"Ssdsds.lool@gmail.it\",\"secret\":\"$2a$10$rzIpLG7MqJE3WaEL0cuJ0.W.Mn1liTfUBufEchukeyzEb8Rhbfaay\",\"description\":null,\"data_nascita\":null,\"name\":null,\"surname\":null,\"attivo\":null}','Ssdsds.lool@gmail.it','$2a$10$rzIpLG7MqJE3WaEL0cuJ0.W.Mn1liTfUBufEchukeyzEb8Rhbfaay',1,NULL),(273,1,'1401454867',0,NULL,66,0,NULL,NULL,NULL,NULL,NULL,NULL,NULL,NULL,21,'{\"id\":\"21\",\"email\":\"Ssdsds.lool@gmaisdaaasl.it\",\"secret\":\"$2a$10$6cu03Hl6Vt8pWIBhYrAdkup9rTzAnFiTP86iCGrdyXsdmFBhiSbVu\",\"description\":null,\"data_nascita\":null,\"name\":null,\"surname\":null,\"attivo\":null}','Ssdsds.lool@gmaisdaaasl.it','$2a$10$6cu03Hl6Vt8pWIBhYrAdkup9rTzAnFiTP86iCGrdyXsdmFBhiSbVu',1,NULL),(274,1,'1401454867',0,NULL,66,0,NULL,NULL,NULL,NULL,NULL,NULL,NULL,NULL,23,'{\"id\":\"23\",\"email\":\"email2_keororo@example.com\",\"secret\":\"$2a$10$dXzYEcpsjP1rzwRgK.UYLO3JLfmaqec.g2lGZZ4oglTWXOvkm4enm\",\"description\":null,\"data_nascita\":null,\"name\":null,\"surname\":null,\"attivo\":null}','email2_keororo@example.com','$2a$10$dXzYEcpsjP1rzwRgK.UYLO3JLfmaqec.g2lGZZ4oglTWXOvkm4enm',1,NULL),(275,1,'1401454867',0,NULL,66,0,NULL,NULL,NULL,NULL,NULL,NULL,NULL,NULL,26,'{\"id\":\"26\",\"email\":\"ddee@eded.it\",\"secret\":\"$2a$10$rMObwHw8kEZ95awXiL5W5usXC892ZnvHSxwpAXJt8WHEGh3NBDHhq\",\"description\":null,\"data_nascita\":null,\"name\":null,\"surname\":null,\"attivo\":null}','ddee@eded.it','$2a$10$rMObwHw8kEZ95awXiL5W5usXC892ZnvHSxwpAXJt8WHEGh3NBDHhq',1,NULL),(276,1,'1401455711',0,NULL,66,0,NULL,NULL,NULL,NULL,NULL,NULL,NULL,NULL,27,'{\"id\":\"27\",\"email\":\"asassds@lol.fff\",\"secret\":\"$2a$10$jEkNKruEJIT3P7NfNwv1SeKcmm4FDheXfMRA2TNiM1kAa7DdRy.lW\",\"description\":null,\"data_nascita\":null,\"name\":null,\"surname\":null,\"attivo\":null}','asassds@lol.fff','$2a$10$jEkNKruEJIT3P7NfNwv1SeKcmm4FDheXfMRA2TNiM1kAa7DdRy.lW',1,NULL),(277,1,'1401455711',0,NULL,66,0,NULL,NULL,NULL,NULL,NULL,NULL,NULL,NULL,28,'{\"id\":\"28\",\"email\":\"c@c.com\",\"secret\":\"$2a$10$psFQLtIJZO11TiOov0o1uuuTlW0rRYZOUEAEJ1TQuvUtD02Z9gc6m\",\"description\":null,\"data_nascita\":null,\"name\":null,\"surname\":null,\"attivo\":null}','c@c.com','$2a$10$psFQLtIJZO11TiOov0o1uuuTlW0rRYZOUEAEJ1TQuvUtD02Z9gc6m',1,NULL),(278,1,'1401455711',0,NULL,66,0,NULL,NULL,NULL,NULL,NULL,NULL,NULL,NULL,29,'{\"id\":\"29\",\"email\":\"c@c.cog\",\"secret\":\"$2a$10$qLTYpc3ZHWkoDn9XgxPcFOG0zWEiGNf1J2rvudPXQ0lZKErsNdZYa\",\"description\":null,\"data_nascita\":null,\"name\":null,\"surname\":null,\"attivo\":null}','c@c.cog','$2a$10$qLTYpc3ZHWkoDn9XgxPcFOG0zWEiGNf1J2rvudPXQ0lZKErsNdZYa',1,NULL),(279,1,'1401455711',0,NULL,66,0,NULL,NULL,NULL,NULL,NULL,NULL,NULL,NULL,30,'{\"id\":\"30\",\"email\":\"c@c.cox\",\"secret\":\"$2a$10$k0r1jRIGAHvdcBKQW6JX7udVZGXQ49pZjUjp2tYaXSM8Uehf5khAa\",\"description\":null,\"data_nascita\":null,\"name\":null,\"surname\":null,\"attivo\":null}','c@c.cox','$2a$10$k0r1jRIGAHvdcBKQW6JX7udVZGXQ49pZjUjp2tYaXSM8Uehf5khAa',1,NULL),(280,1,'1401455712',0,NULL,66,0,NULL,NULL,NULL,NULL,NULL,NULL,NULL,NULL,31,'{\"id\":\"31\",\"email\":\"c@c.coz\",\"secret\":\"$2a$10$ObyMoyA7XTiILy6xLuI86eUgrF4ApICxxscsj4.vMvojRYRGlEz46\",\"description\":null,\"data_nascita\":null,\"name\":null,\"surname\":null,\"attivo\":null}','c@c.coz','$2a$10$ObyMoyA7XTiILy6xLuI86eUgrF4ApICxxscsj4.vMvojRYRGlEz46',1,NULL),(281,1,'1401455712',0,NULL,66,0,NULL,NULL,NULL,NULL,NULL,NULL,NULL,NULL,32,'{\"id\":\"32\",\"email\":\"a@a.asd\",\"secret\":\"$2a$10$apTnrLIU.HU3P0UV3ij4Jeb5K.dxMwMy4xhwWvKlTbsRwaahuIINC\",\"description\":null,\"data_nascita\":null,\"name\":null,\"surname\":null,\"attivo\":null}','a@a.asd','$2a$10$apTnrLIU.HU3P0UV3ij4Jeb5K.dxMwMy4xhwWvKlTbsRwaahuIINC',1,NULL),(282,1,'1401455712',0,NULL,66,0,NULL,NULL,NULL,NULL,NULL,NULL,NULL,NULL,33,'{\"id\":\"33\",\"email\":\"ttt@ttt.com\",\"secret\":\"$2a$10$EQNHkirEQP7JWoLLF8c3w.LSFiSiaVZuwuEu8Ya6FVqPcMqdeRR\\/a\",\"description\":null,\"data_nascita\":null,\"name\":null,\"surname\":null,\"attivo\":null}','ttt@ttt.com','$2a$10$EQNHkirEQP7JWoLLF8c3w.LSFiSiaVZuwuEu8Ya6FVqPcMqdeRR/a',1,NULL),(283,1,'1401455712',0,NULL,66,0,NULL,NULL,NULL,NULL,NULL,NULL,NULL,NULL,34,'{\"id\":\"34\",\"email\":\"ttt@ttt.cog\",\"secret\":\"$2a$10$if1dwwucFU7p\\/nAiz7QgKuEfmRoAtzp0ZK\\/swXEhOkZtjf5sT\\/ebi\",\"description\":null,\"data_nascita\":null,\"name\":null,\"surname\":null,\"attivo\":null}','ttt@ttt.cog','$2a$10$if1dwwucFU7p/nAiz7QgKuEfmRoAtzp0ZK/swXEhOkZtjf5sT/ebi',1,NULL),(284,1,'1401455712',0,NULL,66,0,NULL,NULL,NULL,NULL,NULL,NULL,NULL,NULL,35,'{\"id\":\"35\",\"email\":\"ttt@ttt.con\",\"secret\":\"$2a$10$aP.mvwmyPrQTvIDs36Ce7.Kjuf5Rxi67CDzPXZjFAY9GI1JzjhBLG\",\"description\":null,\"data_nascita\":null,\"name\":null,\"surname\":null,\"attivo\":null}','ttt@ttt.con','$2a$10$aP.mvwmyPrQTvIDs36Ce7.Kjuf5Rxi67CDzPXZjFAY9GI1JzjhBLG',1,NULL),(285,1,'1401455712',0,NULL,66,0,NULL,NULL,NULL,NULL,NULL,NULL,NULL,NULL,38,'{\"id\":\"38\",\"email\":\"xxx@xxx.xxx\",\"secret\":\"$2a$10$ATH6TmIjCITKKRB5uGjLQ.f1Chak7gV.EV0mx\\/paX\\/lsY9Yfqdbuy\",\"description\":null,\"data_nascita\":null,\"name\":null,\"surname\":null,\"attivo\":null}','xxx@xxx.xxx','$2a$10$ATH6TmIjCITKKRB5uGjLQ.f1Chak7gV.EV0mx/paX/lsY9Yfqdbuy',1,NULL),(286,1,'1401456333',0,NULL,66,0,NULL,NULL,NULL,NULL,NULL,NULL,NULL,NULL,11,'{\"id\":\"11\",\"email\":\"thomas.schiavello@two-b.it\",\"secret\":\"$2a$10$63gk15KcVStlPLfy108BnOpyxtGMEchZONET5hvT1XWDfZyyndPJS\",\"description\":null,\"data_nascita\":null,\"name\":null,\"surname\":null,\"attivo\":null}','thomas.schiavello@two-b.it','$2a$10$63gk15KcVStlPLfy108BnOpyxtGMEchZONET5hvT1XWDfZyyndPJS',1,NULL),(287,1,'1401456333',0,NULL,66,0,NULL,NULL,NULL,NULL,NULL,NULL,NULL,NULL,61,'{\"id\":\"61\",\"email\":\"culo@camicia.com\",\"secret\":\"\",\"description\":null,\"data_nascita\":null,\"name\":null,\"surname\":null,\"attivo\":null}','culo@camicia.com','',1,NULL),(288,1,'1401456333',0,NULL,66,0,NULL,NULL,NULL,NULL,NULL,NULL,NULL,NULL,62,'{\"id\":\"62\",\"email\":\"culo@camicia2.com\",\"secret\":\"$2a$10$jvrAF0QaNvuFO0eMviBlI.kfDkoJrdyD2A\\/AGh1\\/Y2DmgTOdXqmf.\",\"description\":null,\"data_nascita\":null,\"name\":null,\"surname\":null,\"attivo\":null}','culo@camicia2.com','$2a$10$jvrAF0QaNvuFO0eMviBlI.kfDkoJrdyD2A/AGh1/Y2DmgTOdXqmf.',1,NULL),(289,1,'1401454960',0,NULL,67,0,NULL,NULL,NULL,NULL,NULL,NULL,NULL,NULL,14,'{\"id\":\"14\",\"email\":\"sbiri@sburu.it\",\"secret\":\"$2a$10$A.BSVeHYthXlTI0IEN6nVusQ9Hq.TdETzGWM2166CcB1qoIOLkSc6\",\"description\":null,\"data_nascita\":null,\"name\":null,\"surname\":null,\"attivo\":null}','sbiri@sburu.it','$2a$10$A.BSVeHYthXlTI0IEN6nVusQ9Hq.TdETzGWM2166CcB1qoIOLkSc6',1,NULL),(290,1,'1401454961',0,NULL,67,0,NULL,NULL,NULL,NULL,NULL,NULL,NULL,NULL,16,'{\"id\":\"16\",\"email\":\"Email2@asds.com\",\"secret\":\"$2a$10$nw54nWZAcB8dQE4zudoDmurvopvscDtMoXEIgbkyZqDK.uAOTFWkG\",\"description\":null,\"data_nascita\":null,\"name\":null,\"surname\":null,\"attivo\":null}','Email2@asds.com','$2a$10$nw54nWZAcB8dQE4zudoDmurvopvscDtMoXEIgbkyZqDK.uAOTFWkG',1,NULL),(291,1,'1401454962',0,NULL,67,0,NULL,NULL,NULL,NULL,NULL,NULL,NULL,NULL,17,'{\"id\":\"17\",\"email\":\"email3@example.com\",\"secret\":\"$2a$10$Xi62R2HjK5nk2oG2MgtVj.lAN8NvKko9CZ7DX9Eh9jAq2bmW9iaOS\",\"description\":null,\"data_nascita\":null,\"name\":null,\"surname\":null,\"attivo\":null}','email3@example.com','$2a$10$Xi62R2HjK5nk2oG2MgtVj.lAN8NvKko9CZ7DX9Eh9jAq2bmW9iaOS',1,NULL),(292,1,'1401454962',0,NULL,67,0,NULL,NULL,NULL,NULL,NULL,NULL,NULL,NULL,15,'{\"id\":\"15\",\"email\":\"email1$@example.com\",\"secret\":\"$2a$10$K04hbtUEL\\/k8RnjHbcNi1e.Zar7r499eF.Ft5PuV50wDAlI01KXvG\",\"description\":null,\"data_nascita\":null,\"name\":null,\"surname\":null,\"attivo\":null}','email1$@example.com','$2a$10$K04hbtUEL/k8RnjHbcNi1e.Zar7r499eF.Ft5PuV50wDAlI01KXvG',1,NULL),(293,1,'1401454963',0,NULL,67,0,NULL,NULL,NULL,NULL,NULL,NULL,NULL,NULL,18,'{\"id\":\"18\",\"email\":\"ciccio.pasticcio@cicciolandia.com\",\"secret\":\"$2a$10$tgv1F2as1P81U8HAV.DgWOnTx6MeJ63U1Dl3vpVc2B8fTE575Fqn.\",\"description\":null,\"data_nascita\":null,\"name\":null,\"surname\":null,\"attivo\":null}','ciccio.pasticcio@cicciolandia.com','$2a$10$tgv1F2as1P81U8HAV.DgWOnTx6MeJ63U1Dl3vpVc2B8fTE575Fqn.',1,NULL),(294,1,'1401454963',0,NULL,67,0,NULL,NULL,NULL,NULL,NULL,NULL,NULL,NULL,19,'{\"id\":\"19\",\"email\":\"add@dee.it\",\"secret\":\"$2a$10$UoKNLVROTCy8zIEubwpYseyGzI0D9\\/MtxB3qi9HicOoJanZmCGbMC\",\"description\":null,\"data_nascita\":null,\"name\":null,\"surname\":null,\"attivo\":null}','add@dee.it','$2a$10$UoKNLVROTCy8zIEubwpYseyGzI0D9/MtxB3qi9HicOoJanZmCGbMC',1,NULL),(295,1,'1401454964',0,NULL,67,0,NULL,NULL,NULL,NULL,NULL,NULL,NULL,NULL,20,'{\"id\":\"20\",\"email\":\"Ssdsds.lool@gmail.it\",\"secret\":\"$2a$10$rzIpLG7MqJE3WaEL0cuJ0.W.Mn1liTfUBufEchukeyzEb8Rhbfaay\",\"description\":null,\"data_nascita\":null,\"name\":null,\"surname\":null,\"attivo\":null}','Ssdsds.lool@gmail.it','$2a$10$rzIpLG7MqJE3WaEL0cuJ0.W.Mn1liTfUBufEchukeyzEb8Rhbfaay',1,NULL),(296,1,'1401454964',0,NULL,67,0,NULL,NULL,NULL,NULL,NULL,NULL,NULL,NULL,21,'{\"id\":\"21\",\"email\":\"Ssdsds.lool@gmaisdaaasl.it\",\"secret\":\"$2a$10$6cu03Hl6Vt8pWIBhYrAdkup9rTzAnFiTP86iCGrdyXsdmFBhiSbVu\",\"description\":null,\"data_nascita\":null,\"name\":null,\"surname\":null,\"attivo\":null}','Ssdsds.lool@gmaisdaaasl.it','$2a$10$6cu03Hl6Vt8pWIBhYrAdkup9rTzAnFiTP86iCGrdyXsdmFBhiSbVu',1,NULL),(297,1,'1401454965',0,NULL,67,0,NULL,NULL,NULL,NULL,NULL,NULL,NULL,NULL,23,'{\"id\":\"23\",\"email\":\"email2_keororo@example.com\",\"secret\":\"$2a$10$dXzYEcpsjP1rzwRgK.UYLO3JLfmaqec.g2lGZZ4oglTWXOvkm4enm\",\"description\":null,\"data_nascita\":null,\"name\":null,\"surname\":null,\"attivo\":null}','email2_keororo@example.com','$2a$10$dXzYEcpsjP1rzwRgK.UYLO3JLfmaqec.g2lGZZ4oglTWXOvkm4enm',1,NULL),(298,1,'1401454965',0,NULL,67,0,NULL,NULL,NULL,NULL,NULL,NULL,NULL,NULL,26,'{\"id\":\"26\",\"email\":\"ddee@eded.it\",\"secret\":\"$2a$10$rMObwHw8kEZ95awXiL5W5usXC892ZnvHSxwpAXJt8WHEGh3NBDHhq\",\"description\":null,\"data_nascita\":null,\"name\":null,\"surname\":null,\"attivo\":null}','ddee@eded.it','$2a$10$rMObwHw8kEZ95awXiL5W5usXC892ZnvHSxwpAXJt8WHEGh3NBDHhq',1,NULL),(299,1,'1401456068',0,NULL,67,0,NULL,NULL,NULL,NULL,NULL,NULL,NULL,NULL,27,'{\"id\":\"27\",\"email\":\"asassds@lol.fff\",\"secret\":\"$2a$10$jEkNKruEJIT3P7NfNwv1SeKcmm4FDheXfMRA2TNiM1kAa7DdRy.lW\",\"description\":null,\"data_nascita\":null,\"name\":null,\"surname\":null,\"attivo\":null}','asassds@lol.fff','$2a$10$jEkNKruEJIT3P7NfNwv1SeKcmm4FDheXfMRA2TNiM1kAa7DdRy.lW',1,NULL),(300,1,'1401456068',0,NULL,67,0,NULL,NULL,NULL,NULL,NULL,NULL,NULL,NULL,28,'{\"id\":\"28\",\"email\":\"c@c.com\",\"secret\":\"$2a$10$psFQLtIJZO11TiOov0o1uuuTlW0rRYZOUEAEJ1TQuvUtD02Z9gc6m\",\"description\":null,\"data_nascita\":null,\"name\":null,\"surname\":null,\"attivo\":null}','c@c.com','$2a$10$psFQLtIJZO11TiOov0o1uuuTlW0rRYZOUEAEJ1TQuvUtD02Z9gc6m',1,NULL),(301,1,'1401456068',0,NULL,67,0,NULL,NULL,NULL,NULL,NULL,NULL,NULL,NULL,29,'{\"id\":\"29\",\"email\":\"c@c.cog\",\"secret\":\"$2a$10$qLTYpc3ZHWkoDn9XgxPcFOG0zWEiGNf1J2rvudPXQ0lZKErsNdZYa\",\"description\":null,\"data_nascita\":null,\"name\":null,\"surname\":null,\"attivo\":null}','c@c.cog','$2a$10$qLTYpc3ZHWkoDn9XgxPcFOG0zWEiGNf1J2rvudPXQ0lZKErsNdZYa',1,NULL),(302,1,'1401456068',0,NULL,67,0,NULL,NULL,NULL,NULL,NULL,NULL,NULL,NULL,30,'{\"id\":\"30\",\"email\":\"c@c.cox\",\"secret\":\"$2a$10$k0r1jRIGAHvdcBKQW6JX7udVZGXQ49pZjUjp2tYaXSM8Uehf5khAa\",\"description\":null,\"data_nascita\":null,\"name\":null,\"surname\":null,\"attivo\":null}','c@c.cox','$2a$10$k0r1jRIGAHvdcBKQW6JX7udVZGXQ49pZjUjp2tYaXSM8Uehf5khAa',1,NULL),(303,1,'1401456068',0,NULL,67,0,NULL,NULL,NULL,NULL,NULL,NULL,NULL,NULL,31,'{\"id\":\"31\",\"email\":\"c@c.coz\",\"secret\":\"$2a$10$ObyMoyA7XTiILy6xLuI86eUgrF4ApICxxscsj4.vMvojRYRGlEz46\",\"description\":null,\"data_nascita\":null,\"name\":null,\"surname\":null,\"attivo\":null}','c@c.coz','$2a$10$ObyMoyA7XTiILy6xLuI86eUgrF4ApICxxscsj4.vMvojRYRGlEz46',1,NULL),(304,1,'1401456068',0,NULL,67,0,NULL,NULL,NULL,NULL,NULL,NULL,NULL,NULL,32,'{\"id\":\"32\",\"email\":\"a@a.asd\",\"secret\":\"$2a$10$apTnrLIU.HU3P0UV3ij4Jeb5K.dxMwMy4xhwWvKlTbsRwaahuIINC\",\"description\":null,\"data_nascita\":null,\"name\":null,\"surname\":null,\"attivo\":null}','a@a.asd','$2a$10$apTnrLIU.HU3P0UV3ij4Jeb5K.dxMwMy4xhwWvKlTbsRwaahuIINC',1,NULL),(305,1,'1401456068',0,NULL,67,0,NULL,NULL,NULL,NULL,NULL,NULL,NULL,NULL,33,'{\"id\":\"33\",\"email\":\"ttt@ttt.com\",\"secret\":\"$2a$10$EQNHkirEQP7JWoLLF8c3w.LSFiSiaVZuwuEu8Ya6FVqPcMqdeRR\\/a\",\"description\":null,\"data_nascita\":null,\"name\":null,\"surname\":null,\"attivo\":null}','ttt@ttt.com','$2a$10$EQNHkirEQP7JWoLLF8c3w.LSFiSiaVZuwuEu8Ya6FVqPcMqdeRR/a',1,NULL),(306,1,'1401456069',0,NULL,67,0,NULL,NULL,NULL,NULL,NULL,NULL,NULL,NULL,34,'{\"id\":\"34\",\"email\":\"ttt@ttt.cog\",\"secret\":\"$2a$10$if1dwwucFU7p\\/nAiz7QgKuEfmRoAtzp0ZK\\/swXEhOkZtjf5sT\\/ebi\",\"description\":null,\"data_nascita\":null,\"name\":null,\"surname\":null,\"attivo\":null}','ttt@ttt.cog','$2a$10$if1dwwucFU7p/nAiz7QgKuEfmRoAtzp0ZK/swXEhOkZtjf5sT/ebi',1,NULL),(307,1,'1401456069',0,NULL,67,0,NULL,NULL,NULL,NULL,NULL,NULL,NULL,NULL,35,'{\"id\":\"35\",\"email\":\"ttt@ttt.con\",\"secret\":\"$2a$10$aP.mvwmyPrQTvIDs36Ce7.Kjuf5Rxi67CDzPXZjFAY9GI1JzjhBLG\",\"description\":null,\"data_nascita\":null,\"name\":null,\"surname\":null,\"attivo\":null}','ttt@ttt.con','$2a$10$aP.mvwmyPrQTvIDs36Ce7.Kjuf5Rxi67CDzPXZjFAY9GI1JzjhBLG',1,NULL),(308,1,'1401456069',0,NULL,67,0,NULL,NULL,NULL,NULL,NULL,NULL,NULL,NULL,38,'{\"id\":\"38\",\"email\":\"xxx@xxx.xxx\",\"secret\":\"$2a$10$ATH6TmIjCITKKRB5uGjLQ.f1Chak7gV.EV0mx\\/paX\\/lsY9Yfqdbuy\",\"description\":null,\"data_nascita\":null,\"name\":null,\"surname\":null,\"attivo\":null}','xxx@xxx.xxx','$2a$10$ATH6TmIjCITKKRB5uGjLQ.f1Chak7gV.EV0mx/paX/lsY9Yfqdbuy',1,NULL),(309,1,'1401456669',0,NULL,67,0,NULL,NULL,NULL,NULL,NULL,NULL,NULL,NULL,11,'{\"id\":\"11\",\"email\":\"thomas.schiavello@two-b.it\",\"secret\":\"$2a$10$63gk15KcVStlPLfy108BnOpyxtGMEchZONET5hvT1XWDfZyyndPJS\",\"description\":null,\"data_nascita\":null,\"name\":null,\"surname\":null,\"attivo\":null}','thomas.schiavello@two-b.it','$2a$10$63gk15KcVStlPLfy108BnOpyxtGMEchZONET5hvT1XWDfZyyndPJS',1,NULL),(310,1,'1401456669',0,NULL,67,0,NULL,NULL,NULL,NULL,NULL,NULL,NULL,NULL,61,'{\"id\":\"61\",\"email\":\"culo@camicia.com\",\"secret\":\"\",\"description\":null,\"data_nascita\":null,\"name\":null,\"surname\":null,\"attivo\":null}','culo@camicia.com','',1,NULL),(311,1,'1401456669',0,NULL,67,0,NULL,NULL,NULL,NULL,NULL,NULL,NULL,NULL,62,'{\"id\":\"62\",\"email\":\"culo@camicia2.com\",\"secret\":\"$2a$10$jvrAF0QaNvuFO0eMviBlI.kfDkoJrdyD2A\\/AGh1\\/Y2DmgTOdXqmf.\",\"description\":null,\"data_nascita\":null,\"name\":null,\"surname\":null,\"attivo\":null}','culo@camicia2.com','$2a$10$jvrAF0QaNvuFO0eMviBlI.kfDkoJrdyD2A/AGh1/Y2DmgTOdXqmf.',1,NULL),(312,1,'1401456953',0,NULL,68,0,NULL,NULL,NULL,NULL,NULL,NULL,NULL,NULL,14,'{\"id\":\"14\",\"email\":\"sbiri@sburu.it\",\"secret\":\"$2a$10$A.BSVeHYthXlTI0IEN6nVusQ9Hq.TdETzGWM2166CcB1qoIOLkSc6\",\"description\":null,\"data_nascita\":null,\"name\":null,\"surname\":null,\"attivo\":null}','sbiri@sburu.it','$2a$10$A.BSVeHYthXlTI0IEN6nVusQ9Hq.TdETzGWM2166CcB1qoIOLkSc6',1,NULL),(313,1,'1401456954',0,NULL,68,0,NULL,NULL,NULL,NULL,NULL,NULL,NULL,NULL,16,'{\"id\":\"16\",\"email\":\"Email2@asds.com\",\"secret\":\"$2a$10$nw54nWZAcB8dQE4zudoDmurvopvscDtMoXEIgbkyZqDK.uAOTFWkG\",\"description\":null,\"data_nascita\":null,\"name\":null,\"surname\":null,\"attivo\":null}','Email2@asds.com','$2a$10$nw54nWZAcB8dQE4zudoDmurvopvscDtMoXEIgbkyZqDK.uAOTFWkG',1,NULL),(314,1,'1401456954',0,NULL,68,0,NULL,NULL,NULL,NULL,NULL,NULL,NULL,NULL,17,'{\"id\":\"17\",\"email\":\"email3@example.com\",\"secret\":\"$2a$10$Xi62R2HjK5nk2oG2MgtVj.lAN8NvKko9CZ7DX9Eh9jAq2bmW9iaOS\",\"description\":null,\"data_nascita\":null,\"name\":null,\"surname\":null,\"attivo\":null}','email3@example.com','$2a$10$Xi62R2HjK5nk2oG2MgtVj.lAN8NvKko9CZ7DX9Eh9jAq2bmW9iaOS',1,NULL),(315,1,'1401456954',0,NULL,68,0,NULL,NULL,NULL,NULL,NULL,NULL,NULL,NULL,15,'{\"id\":\"15\",\"email\":\"email1$@example.com\",\"secret\":\"$2a$10$K04hbtUEL\\/k8RnjHbcNi1e.Zar7r499eF.Ft5PuV50wDAlI01KXvG\",\"description\":null,\"data_nascita\":null,\"name\":null,\"surname\":null,\"attivo\":null}','email1$@example.com','$2a$10$K04hbtUEL/k8RnjHbcNi1e.Zar7r499eF.Ft5PuV50wDAlI01KXvG',1,NULL),(316,1,'1401456954',0,NULL,68,0,NULL,NULL,NULL,NULL,NULL,NULL,NULL,NULL,18,'{\"id\":\"18\",\"email\":\"ciccio.pasticcio@cicciolandia.com\",\"secret\":\"$2a$10$tgv1F2as1P81U8HAV.DgWOnTx6MeJ63U1Dl3vpVc2B8fTE575Fqn.\",\"description\":null,\"data_nascita\":null,\"name\":null,\"surname\":null,\"attivo\":null}','ciccio.pasticcio@cicciolandia.com','$2a$10$tgv1F2as1P81U8HAV.DgWOnTx6MeJ63U1Dl3vpVc2B8fTE575Fqn.',1,NULL),(317,1,'1401456954',0,NULL,68,0,NULL,NULL,NULL,NULL,NULL,NULL,NULL,NULL,19,'{\"id\":\"19\",\"email\":\"add@dee.it\",\"secret\":\"$2a$10$UoKNLVROTCy8zIEubwpYseyGzI0D9\\/MtxB3qi9HicOoJanZmCGbMC\",\"description\":null,\"data_nascita\":null,\"name\":null,\"surname\":null,\"attivo\":null}','add@dee.it','$2a$10$UoKNLVROTCy8zIEubwpYseyGzI0D9/MtxB3qi9HicOoJanZmCGbMC',1,NULL),(318,1,'1401456954',0,NULL,68,0,NULL,NULL,NULL,NULL,NULL,NULL,NULL,NULL,20,'{\"id\":\"20\",\"email\":\"Ssdsds.lool@gmail.it\",\"secret\":\"$2a$10$rzIpLG7MqJE3WaEL0cuJ0.W.Mn1liTfUBufEchukeyzEb8Rhbfaay\",\"description\":null,\"data_nascita\":null,\"name\":null,\"surname\":null,\"attivo\":null}','Ssdsds.lool@gmail.it','$2a$10$rzIpLG7MqJE3WaEL0cuJ0.W.Mn1liTfUBufEchukeyzEb8Rhbfaay',1,NULL),(319,1,'1401456954',0,NULL,68,0,NULL,NULL,NULL,NULL,NULL,NULL,NULL,NULL,21,'{\"id\":\"21\",\"email\":\"Ssdsds.lool@gmaisdaaasl.it\",\"secret\":\"$2a$10$6cu03Hl6Vt8pWIBhYrAdkup9rTzAnFiTP86iCGrdyXsdmFBhiSbVu\",\"description\":null,\"data_nascita\":null,\"name\":null,\"surname\":null,\"attivo\":null}','Ssdsds.lool@gmaisdaaasl.it','$2a$10$6cu03Hl6Vt8pWIBhYrAdkup9rTzAnFiTP86iCGrdyXsdmFBhiSbVu',1,NULL),(320,1,'1401456954',0,NULL,68,0,NULL,NULL,NULL,NULL,NULL,NULL,NULL,NULL,23,'{\"id\":\"23\",\"email\":\"email2_keororo@example.com\",\"secret\":\"$2a$10$dXzYEcpsjP1rzwRgK.UYLO3JLfmaqec.g2lGZZ4oglTWXOvkm4enm\",\"description\":null,\"data_nascita\":null,\"name\":null,\"surname\":null,\"attivo\":null}','email2_keororo@example.com','$2a$10$dXzYEcpsjP1rzwRgK.UYLO3JLfmaqec.g2lGZZ4oglTWXOvkm4enm',1,NULL),(321,1,'1401456954',0,NULL,68,0,NULL,NULL,NULL,NULL,NULL,NULL,NULL,NULL,26,'{\"id\":\"26\",\"email\":\"ddee@eded.it\",\"secret\":\"$2a$10$rMObwHw8kEZ95awXiL5W5usXC892ZnvHSxwpAXJt8WHEGh3NBDHhq\",\"description\":null,\"data_nascita\":null,\"name\":null,\"surname\":null,\"attivo\":null}','ddee@eded.it','$2a$10$rMObwHw8kEZ95awXiL5W5usXC892ZnvHSxwpAXJt8WHEGh3NBDHhq',1,NULL),(322,1,'1401457015',0,NULL,68,0,NULL,NULL,NULL,NULL,NULL,NULL,NULL,NULL,27,'{\"id\":\"27\",\"email\":\"asassds@lol.fff\",\"secret\":\"$2a$10$jEkNKruEJIT3P7NfNwv1SeKcmm4FDheXfMRA2TNiM1kAa7DdRy.lW\",\"description\":null,\"data_nascita\":null,\"name\":null,\"surname\":null,\"attivo\":null}','asassds@lol.fff','$2a$10$jEkNKruEJIT3P7NfNwv1SeKcmm4FDheXfMRA2TNiM1kAa7DdRy.lW',1,NULL),(323,1,'1401457015',0,NULL,68,0,NULL,NULL,NULL,NULL,NULL,NULL,NULL,NULL,28,'{\"id\":\"28\",\"email\":\"c@c.com\",\"secret\":\"$2a$10$psFQLtIJZO11TiOov0o1uuuTlW0rRYZOUEAEJ1TQuvUtD02Z9gc6m\",\"description\":null,\"data_nascita\":null,\"name\":null,\"surname\":null,\"attivo\":null}','c@c.com','$2a$10$psFQLtIJZO11TiOov0o1uuuTlW0rRYZOUEAEJ1TQuvUtD02Z9gc6m',1,NULL),(324,1,'1401457015',0,NULL,68,0,NULL,NULL,NULL,NULL,NULL,NULL,NULL,NULL,29,'{\"id\":\"29\",\"email\":\"c@c.cog\",\"secret\":\"$2a$10$qLTYpc3ZHWkoDn9XgxPcFOG0zWEiGNf1J2rvudPXQ0lZKErsNdZYa\",\"description\":null,\"data_nascita\":null,\"name\":null,\"surname\":null,\"attivo\":null}','c@c.cog','$2a$10$qLTYpc3ZHWkoDn9XgxPcFOG0zWEiGNf1J2rvudPXQ0lZKErsNdZYa',1,NULL),(325,1,'1401457015',0,NULL,68,0,NULL,NULL,NULL,NULL,NULL,NULL,NULL,NULL,30,'{\"id\":\"30\",\"email\":\"c@c.cox\",\"secret\":\"$2a$10$k0r1jRIGAHvdcBKQW6JX7udVZGXQ49pZjUjp2tYaXSM8Uehf5khAa\",\"description\":null,\"data_nascita\":null,\"name\":null,\"surname\":null,\"attivo\":null}','c@c.cox','$2a$10$k0r1jRIGAHvdcBKQW6JX7udVZGXQ49pZjUjp2tYaXSM8Uehf5khAa',1,NULL),(326,1,'1401457015',0,NULL,68,0,NULL,NULL,NULL,NULL,NULL,NULL,NULL,NULL,31,'{\"id\":\"31\",\"email\":\"c@c.coz\",\"secret\":\"$2a$10$ObyMoyA7XTiILy6xLuI86eUgrF4ApICxxscsj4.vMvojRYRGlEz46\",\"description\":null,\"data_nascita\":null,\"name\":null,\"surname\":null,\"attivo\":null}','c@c.coz','$2a$10$ObyMoyA7XTiILy6xLuI86eUgrF4ApICxxscsj4.vMvojRYRGlEz46',1,NULL),(327,1,'1401457016',0,NULL,68,0,NULL,NULL,NULL,NULL,NULL,NULL,NULL,NULL,32,'{\"id\":\"32\",\"email\":\"a@a.asd\",\"secret\":\"$2a$10$apTnrLIU.HU3P0UV3ij4Jeb5K.dxMwMy4xhwWvKlTbsRwaahuIINC\",\"description\":null,\"data_nascita\":null,\"name\":null,\"surname\":null,\"attivo\":null}','a@a.asd','$2a$10$apTnrLIU.HU3P0UV3ij4Jeb5K.dxMwMy4xhwWvKlTbsRwaahuIINC',1,NULL),(328,1,'1401457016',0,NULL,68,0,NULL,NULL,NULL,NULL,NULL,NULL,NULL,NULL,33,'{\"id\":\"33\",\"email\":\"ttt@ttt.com\",\"secret\":\"$2a$10$EQNHkirEQP7JWoLLF8c3w.LSFiSiaVZuwuEu8Ya6FVqPcMqdeRR\\/a\",\"description\":null,\"data_nascita\":null,\"name\":null,\"surname\":null,\"attivo\":null}','ttt@ttt.com','$2a$10$EQNHkirEQP7JWoLLF8c3w.LSFiSiaVZuwuEu8Ya6FVqPcMqdeRR/a',1,NULL),(329,1,'1401457016',0,NULL,68,0,NULL,NULL,NULL,NULL,NULL,NULL,NULL,NULL,34,'{\"id\":\"34\",\"email\":\"ttt@ttt.cog\",\"secret\":\"$2a$10$if1dwwucFU7p\\/nAiz7QgKuEfmRoAtzp0ZK\\/swXEhOkZtjf5sT\\/ebi\",\"description\":null,\"data_nascita\":null,\"name\":null,\"surname\":null,\"attivo\":null}','ttt@ttt.cog','$2a$10$if1dwwucFU7p/nAiz7QgKuEfmRoAtzp0ZK/swXEhOkZtjf5sT/ebi',1,NULL),(330,1,'1401457016',0,NULL,68,0,NULL,NULL,NULL,NULL,NULL,NULL,NULL,NULL,35,'{\"id\":\"35\",\"email\":\"ttt@ttt.con\",\"secret\":\"$2a$10$aP.mvwmyPrQTvIDs36Ce7.Kjuf5Rxi67CDzPXZjFAY9GI1JzjhBLG\",\"description\":null,\"data_nascita\":null,\"name\":null,\"surname\":null,\"attivo\":null}','ttt@ttt.con','$2a$10$aP.mvwmyPrQTvIDs36Ce7.Kjuf5Rxi67CDzPXZjFAY9GI1JzjhBLG',1,NULL),(331,1,'1401457016',0,NULL,68,0,NULL,NULL,NULL,NULL,NULL,NULL,NULL,NULL,38,'{\"id\":\"38\",\"email\":\"xxx@xxx.xxx\",\"secret\":\"$2a$10$ATH6TmIjCITKKRB5uGjLQ.f1Chak7gV.EV0mx\\/paX\\/lsY9Yfqdbuy\",\"description\":null,\"data_nascita\":null,\"name\":null,\"surname\":null,\"attivo\":null}','xxx@xxx.xxx','$2a$10$ATH6TmIjCITKKRB5uGjLQ.f1Chak7gV.EV0mx/paX/lsY9Yfqdbuy',1,NULL),(332,1,'1401457076',0,NULL,68,0,NULL,NULL,NULL,NULL,NULL,NULL,NULL,NULL,11,'{\"id\":\"11\",\"email\":\"thomas.schiavello@two-b.it\",\"secret\":\"$2a$10$63gk15KcVStlPLfy108BnOpyxtGMEchZONET5hvT1XWDfZyyndPJS\",\"description\":null,\"data_nascita\":null,\"name\":null,\"surname\":null,\"attivo\":null}','thomas.schiavello@two-b.it','$2a$10$63gk15KcVStlPLfy108BnOpyxtGMEchZONET5hvT1XWDfZyyndPJS',1,NULL),(333,1,'1401457076',0,NULL,68,0,NULL,NULL,NULL,NULL,NULL,NULL,NULL,NULL,61,'{\"id\":\"61\",\"email\":\"culo@camicia.com\",\"secret\":\"\",\"description\":null,\"data_nascita\":null,\"name\":null,\"surname\":null,\"attivo\":null}','culo@camicia.com','',1,NULL),(334,1,'1401457076',0,NULL,68,0,NULL,NULL,NULL,NULL,NULL,NULL,NULL,NULL,62,'{\"id\":\"62\",\"email\":\"culo@camicia2.com\",\"secret\":\"$2a$10$jvrAF0QaNvuFO0eMviBlI.kfDkoJrdyD2A\\/AGh1\\/Y2DmgTOdXqmf.\",\"description\":null,\"data_nascita\":null,\"name\":null,\"surname\":null,\"attivo\":null}','culo@camicia2.com','$2a$10$jvrAF0QaNvuFO0eMviBlI.kfDkoJrdyD2A/AGh1/Y2DmgTOdXqmf.',1,NULL),(335,1,'1401456954',0,NULL,69,0,NULL,NULL,NULL,NULL,NULL,NULL,NULL,NULL,14,'{\"id\":\"14\",\"email\":\"sbiri@sburu.it\",\"secret\":\"$2a$10$A.BSVeHYthXlTI0IEN6nVusQ9Hq.TdETzGWM2166CcB1qoIOLkSc6\",\"description\":null,\"data_nascita\":null,\"name\":null,\"surname\":null,\"attivo\":null}','sbiri@sburu.it','$2a$10$A.BSVeHYthXlTI0IEN6nVusQ9Hq.TdETzGWM2166CcB1qoIOLkSc6',1,NULL),(336,1,'1401456954',0,NULL,69,0,NULL,NULL,NULL,NULL,NULL,NULL,NULL,NULL,16,'{\"id\":\"16\",\"email\":\"Email2@asds.com\",\"secret\":\"$2a$10$nw54nWZAcB8dQE4zudoDmurvopvscDtMoXEIgbkyZqDK.uAOTFWkG\",\"description\":null,\"data_nascita\":null,\"name\":null,\"surname\":null,\"attivo\":null}','Email2@asds.com','$2a$10$nw54nWZAcB8dQE4zudoDmurvopvscDtMoXEIgbkyZqDK.uAOTFWkG',1,NULL),(337,1,'1401456954',0,NULL,69,0,NULL,NULL,NULL,NULL,NULL,NULL,NULL,NULL,17,'{\"id\":\"17\",\"email\":\"email3@example.com\",\"secret\":\"$2a$10$Xi62R2HjK5nk2oG2MgtVj.lAN8NvKko9CZ7DX9Eh9jAq2bmW9iaOS\",\"description\":null,\"data_nascita\":null,\"name\":null,\"surname\":null,\"attivo\":null}','email3@example.com','$2a$10$Xi62R2HjK5nk2oG2MgtVj.lAN8NvKko9CZ7DX9Eh9jAq2bmW9iaOS',1,NULL),(338,1,'1401456954',0,NULL,69,0,NULL,NULL,NULL,NULL,NULL,NULL,NULL,NULL,15,'{\"id\":\"15\",\"email\":\"email1$@example.com\",\"secret\":\"$2a$10$K04hbtUEL\\/k8RnjHbcNi1e.Zar7r499eF.Ft5PuV50wDAlI01KXvG\",\"description\":null,\"data_nascita\":null,\"name\":null,\"surname\":null,\"attivo\":null}','email1$@example.com','$2a$10$K04hbtUEL/k8RnjHbcNi1e.Zar7r499eF.Ft5PuV50wDAlI01KXvG',1,NULL),(339,1,'1401456954',0,NULL,69,0,NULL,NULL,NULL,NULL,NULL,NULL,NULL,NULL,18,'{\"id\":\"18\",\"email\":\"ciccio.pasticcio@cicciolandia.com\",\"secret\":\"$2a$10$tgv1F2as1P81U8HAV.DgWOnTx6MeJ63U1Dl3vpVc2B8fTE575Fqn.\",\"description\":null,\"data_nascita\":null,\"name\":null,\"surname\":null,\"attivo\":null}','ciccio.pasticcio@cicciolandia.com','$2a$10$tgv1F2as1P81U8HAV.DgWOnTx6MeJ63U1Dl3vpVc2B8fTE575Fqn.',1,NULL),(340,1,'1401456954',0,NULL,69,0,NULL,NULL,NULL,NULL,NULL,NULL,NULL,NULL,19,'{\"id\":\"19\",\"email\":\"add@dee.it\",\"secret\":\"$2a$10$UoKNLVROTCy8zIEubwpYseyGzI0D9\\/MtxB3qi9HicOoJanZmCGbMC\",\"description\":null,\"data_nascita\":null,\"name\":null,\"surname\":null,\"attivo\":null}','add@dee.it','$2a$10$UoKNLVROTCy8zIEubwpYseyGzI0D9/MtxB3qi9HicOoJanZmCGbMC',1,NULL),(341,1,'1401456954',0,NULL,69,0,NULL,NULL,NULL,NULL,NULL,NULL,NULL,NULL,20,'{\"id\":\"20\",\"email\":\"Ssdsds.lool@gmail.it\",\"secret\":\"$2a$10$rzIpLG7MqJE3WaEL0cuJ0.W.Mn1liTfUBufEchukeyzEb8Rhbfaay\",\"description\":null,\"data_nascita\":null,\"name\":null,\"surname\":null,\"attivo\":null}','Ssdsds.lool@gmail.it','$2a$10$rzIpLG7MqJE3WaEL0cuJ0.W.Mn1liTfUBufEchukeyzEb8Rhbfaay',1,NULL),(342,1,'1401456955',0,NULL,69,0,NULL,NULL,NULL,NULL,NULL,NULL,NULL,NULL,21,'{\"id\":\"21\",\"email\":\"Ssdsds.lool@gmaisdaaasl.it\",\"secret\":\"$2a$10$6cu03Hl6Vt8pWIBhYrAdkup9rTzAnFiTP86iCGrdyXsdmFBhiSbVu\",\"description\":null,\"data_nascita\":null,\"name\":null,\"surname\":null,\"attivo\":null}','Ssdsds.lool@gmaisdaaasl.it','$2a$10$6cu03Hl6Vt8pWIBhYrAdkup9rTzAnFiTP86iCGrdyXsdmFBhiSbVu',1,NULL),(343,1,'1401456955',0,NULL,69,0,NULL,NULL,NULL,NULL,NULL,NULL,NULL,NULL,23,'{\"id\":\"23\",\"email\":\"email2_keororo@example.com\",\"secret\":\"$2a$10$dXzYEcpsjP1rzwRgK.UYLO3JLfmaqec.g2lGZZ4oglTWXOvkm4enm\",\"description\":null,\"data_nascita\":null,\"name\":null,\"surname\":null,\"attivo\":null}','email2_keororo@example.com','$2a$10$dXzYEcpsjP1rzwRgK.UYLO3JLfmaqec.g2lGZZ4oglTWXOvkm4enm',1,NULL),(344,1,'1401456955',0,NULL,69,0,NULL,NULL,NULL,NULL,NULL,NULL,NULL,NULL,26,'{\"id\":\"26\",\"email\":\"ddee@eded.it\",\"secret\":\"$2a$10$rMObwHw8kEZ95awXiL5W5usXC892ZnvHSxwpAXJt8WHEGh3NBDHhq\",\"description\":null,\"data_nascita\":null,\"name\":null,\"surname\":null,\"attivo\":null}','ddee@eded.it','$2a$10$rMObwHw8kEZ95awXiL5W5usXC892ZnvHSxwpAXJt8WHEGh3NBDHhq',1,NULL),(345,1,'1401457015',0,NULL,69,0,NULL,NULL,NULL,NULL,NULL,NULL,NULL,NULL,27,'{\"id\":\"27\",\"email\":\"asassds@lol.fff\",\"secret\":\"$2a$10$jEkNKruEJIT3P7NfNwv1SeKcmm4FDheXfMRA2TNiM1kAa7DdRy.lW\",\"description\":null,\"data_nascita\":null,\"name\":null,\"surname\":null,\"attivo\":null}','asassds@lol.fff','$2a$10$jEkNKruEJIT3P7NfNwv1SeKcmm4FDheXfMRA2TNiM1kAa7DdRy.lW',1,NULL),(346,1,'1401457015',0,NULL,69,0,NULL,NULL,NULL,NULL,NULL,NULL,NULL,NULL,28,'{\"id\":\"28\",\"email\":\"c@c.com\",\"secret\":\"$2a$10$psFQLtIJZO11TiOov0o1uuuTlW0rRYZOUEAEJ1TQuvUtD02Z9gc6m\",\"description\":null,\"data_nascita\":null,\"name\":null,\"surname\":null,\"attivo\":null}','c@c.com','$2a$10$psFQLtIJZO11TiOov0o1uuuTlW0rRYZOUEAEJ1TQuvUtD02Z9gc6m',1,NULL),(347,1,'1401457015',0,NULL,69,0,NULL,NULL,NULL,NULL,NULL,NULL,NULL,NULL,29,'{\"id\":\"29\",\"email\":\"c@c.cog\",\"secret\":\"$2a$10$qLTYpc3ZHWkoDn9XgxPcFOG0zWEiGNf1J2rvudPXQ0lZKErsNdZYa\",\"description\":null,\"data_nascita\":null,\"name\":null,\"surname\":null,\"attivo\":null}','c@c.cog','$2a$10$qLTYpc3ZHWkoDn9XgxPcFOG0zWEiGNf1J2rvudPXQ0lZKErsNdZYa',1,NULL),(348,1,'1401457015',0,NULL,69,0,NULL,NULL,NULL,NULL,NULL,NULL,NULL,NULL,30,'{\"id\":\"30\",\"email\":\"c@c.cox\",\"secret\":\"$2a$10$k0r1jRIGAHvdcBKQW6JX7udVZGXQ49pZjUjp2tYaXSM8Uehf5khAa\",\"description\":null,\"data_nascita\":null,\"name\":null,\"surname\":null,\"attivo\":null}','c@c.cox','$2a$10$k0r1jRIGAHvdcBKQW6JX7udVZGXQ49pZjUjp2tYaXSM8Uehf5khAa',1,NULL),(349,1,'1401457015',0,NULL,69,0,NULL,NULL,NULL,NULL,NULL,NULL,NULL,NULL,31,'{\"id\":\"31\",\"email\":\"c@c.coz\",\"secret\":\"$2a$10$ObyMoyA7XTiILy6xLuI86eUgrF4ApICxxscsj4.vMvojRYRGlEz46\",\"description\":null,\"data_nascita\":null,\"name\":null,\"surname\":null,\"attivo\":null}','c@c.coz','$2a$10$ObyMoyA7XTiILy6xLuI86eUgrF4ApICxxscsj4.vMvojRYRGlEz46',1,NULL),(350,1,'1401457016',0,NULL,69,0,NULL,NULL,NULL,NULL,NULL,NULL,NULL,NULL,32,'{\"id\":\"32\",\"email\":\"a@a.asd\",\"secret\":\"$2a$10$apTnrLIU.HU3P0UV3ij4Jeb5K.dxMwMy4xhwWvKlTbsRwaahuIINC\",\"description\":null,\"data_nascita\":null,\"name\":null,\"surname\":null,\"attivo\":null}','a@a.asd','$2a$10$apTnrLIU.HU3P0UV3ij4Jeb5K.dxMwMy4xhwWvKlTbsRwaahuIINC',1,NULL),(351,1,'1401457016',0,NULL,69,0,NULL,NULL,NULL,NULL,NULL,NULL,NULL,NULL,33,'{\"id\":\"33\",\"email\":\"ttt@ttt.com\",\"secret\":\"$2a$10$EQNHkirEQP7JWoLLF8c3w.LSFiSiaVZuwuEu8Ya6FVqPcMqdeRR\\/a\",\"description\":null,\"data_nascita\":null,\"name\":null,\"surname\":null,\"attivo\":null}','ttt@ttt.com','$2a$10$EQNHkirEQP7JWoLLF8c3w.LSFiSiaVZuwuEu8Ya6FVqPcMqdeRR/a',1,NULL),(352,1,'1401457016',0,NULL,69,0,NULL,NULL,NULL,NULL,NULL,NULL,NULL,NULL,34,'{\"id\":\"34\",\"email\":\"ttt@ttt.cog\",\"secret\":\"$2a$10$if1dwwucFU7p\\/nAiz7QgKuEfmRoAtzp0ZK\\/swXEhOkZtjf5sT\\/ebi\",\"description\":null,\"data_nascita\":null,\"name\":null,\"surname\":null,\"attivo\":null}','ttt@ttt.cog','$2a$10$if1dwwucFU7p/nAiz7QgKuEfmRoAtzp0ZK/swXEhOkZtjf5sT/ebi',1,NULL),(353,1,'1401457016',0,NULL,69,0,NULL,NULL,NULL,NULL,NULL,NULL,NULL,NULL,35,'{\"id\":\"35\",\"email\":\"ttt@ttt.con\",\"secret\":\"$2a$10$aP.mvwmyPrQTvIDs36Ce7.Kjuf5Rxi67CDzPXZjFAY9GI1JzjhBLG\",\"description\":null,\"data_nascita\":null,\"name\":null,\"surname\":null,\"attivo\":null}','ttt@ttt.con','$2a$10$aP.mvwmyPrQTvIDs36Ce7.Kjuf5Rxi67CDzPXZjFAY9GI1JzjhBLG',1,NULL),(354,1,'1401457016',0,NULL,69,0,NULL,NULL,NULL,NULL,NULL,NULL,NULL,NULL,38,'{\"id\":\"38\",\"email\":\"xxx@xxx.xxx\",\"secret\":\"$2a$10$ATH6TmIjCITKKRB5uGjLQ.f1Chak7gV.EV0mx\\/paX\\/lsY9Yfqdbuy\",\"description\":null,\"data_nascita\":null,\"name\":null,\"surname\":null,\"attivo\":null}','xxx@xxx.xxx','$2a$10$ATH6TmIjCITKKRB5uGjLQ.f1Chak7gV.EV0mx/paX/lsY9Yfqdbuy',1,NULL),(355,1,'1401457076',0,NULL,69,0,NULL,NULL,NULL,NULL,NULL,NULL,NULL,NULL,11,'{\"id\":\"11\",\"email\":\"thomas.schiavello@two-b.it\",\"secret\":\"$2a$10$63gk15KcVStlPLfy108BnOpyxtGMEchZONET5hvT1XWDfZyyndPJS\",\"description\":null,\"data_nascita\":null,\"name\":null,\"surname\":null,\"attivo\":null}','thomas.schiavello@two-b.it','$2a$10$63gk15KcVStlPLfy108BnOpyxtGMEchZONET5hvT1XWDfZyyndPJS',1,NULL),(356,1,'1401457076',0,NULL,69,0,NULL,NULL,NULL,NULL,NULL,NULL,NULL,NULL,61,'{\"id\":\"61\",\"email\":\"culo@camicia.com\",\"secret\":\"\",\"description\":null,\"data_nascita\":null,\"name\":null,\"surname\":null,\"attivo\":null}','culo@camicia.com','',1,NULL),(357,1,'1401457076',0,NULL,69,0,NULL,NULL,NULL,NULL,NULL,NULL,NULL,NULL,62,'{\"id\":\"62\",\"email\":\"culo@camicia2.com\",\"secret\":\"$2a$10$jvrAF0QaNvuFO0eMviBlI.kfDkoJrdyD2A\\/AGh1\\/Y2DmgTOdXqmf.\",\"description\":null,\"data_nascita\":null,\"name\":null,\"surname\":null,\"attivo\":null}','culo@camicia2.com','$2a$10$jvrAF0QaNvuFO0eMviBlI.kfDkoJrdyD2A/AGh1/Y2DmgTOdXqmf.',1,NULL),(358,1,'1401457472',0,NULL,70,0,NULL,NULL,NULL,NULL,NULL,NULL,NULL,NULL,14,'{\"id\":\"14\",\"email\":\"sbiri@sburu.it\",\"secret\":\"$2a$10$A.BSVeHYthXlTI0IEN6nVusQ9Hq.TdETzGWM2166CcB1qoIOLkSc6\",\"description\":null,\"data_nascita\":null,\"name\":null,\"surname\":null,\"attivo\":null}','sbiri@sburu.it','$2a$10$A.BSVeHYthXlTI0IEN6nVusQ9Hq.TdETzGWM2166CcB1qoIOLkSc6',1,NULL),(359,1,'1401457473',0,NULL,70,0,NULL,NULL,NULL,NULL,NULL,NULL,NULL,NULL,16,'{\"id\":\"16\",\"email\":\"Email2@asds.com\",\"secret\":\"$2a$10$nw54nWZAcB8dQE4zudoDmurvopvscDtMoXEIgbkyZqDK.uAOTFWkG\",\"description\":null,\"data_nascita\":null,\"name\":null,\"surname\":null,\"attivo\":null}','Email2@asds.com','$2a$10$nw54nWZAcB8dQE4zudoDmurvopvscDtMoXEIgbkyZqDK.uAOTFWkG',1,NULL),(360,1,'1401457473',0,NULL,70,0,NULL,NULL,NULL,NULL,NULL,NULL,NULL,NULL,17,'{\"id\":\"17\",\"email\":\"email3@example.com\",\"secret\":\"$2a$10$Xi62R2HjK5nk2oG2MgtVj.lAN8NvKko9CZ7DX9Eh9jAq2bmW9iaOS\",\"description\":null,\"data_nascita\":null,\"name\":null,\"surname\":null,\"attivo\":null}','email3@example.com','$2a$10$Xi62R2HjK5nk2oG2MgtVj.lAN8NvKko9CZ7DX9Eh9jAq2bmW9iaOS',1,NULL),(361,1,'1401457473',0,NULL,70,0,NULL,NULL,NULL,NULL,NULL,NULL,NULL,NULL,15,'{\"id\":\"15\",\"email\":\"email1$@example.com\",\"secret\":\"$2a$10$K04hbtUEL\\/k8RnjHbcNi1e.Zar7r499eF.Ft5PuV50wDAlI01KXvG\",\"description\":null,\"data_nascita\":null,\"name\":null,\"surname\":null,\"attivo\":null}','email1$@example.com','$2a$10$K04hbtUEL/k8RnjHbcNi1e.Zar7r499eF.Ft5PuV50wDAlI01KXvG',1,NULL),(362,1,'1401457474',0,NULL,70,0,NULL,NULL,NULL,NULL,NULL,NULL,NULL,NULL,18,'{\"id\":\"18\",\"email\":\"ciccio.pasticcio@cicciolandia.com\",\"secret\":\"$2a$10$tgv1F2as1P81U8HAV.DgWOnTx6MeJ63U1Dl3vpVc2B8fTE575Fqn.\",\"description\":null,\"data_nascita\":null,\"name\":null,\"surname\":null,\"attivo\":null}','ciccio.pasticcio@cicciolandia.com','$2a$10$tgv1F2as1P81U8HAV.DgWOnTx6MeJ63U1Dl3vpVc2B8fTE575Fqn.',1,NULL),(363,1,'1401457475',0,NULL,70,0,NULL,NULL,NULL,NULL,NULL,NULL,NULL,NULL,19,'{\"id\":\"19\",\"email\":\"add@dee.it\",\"secret\":\"$2a$10$UoKNLVROTCy8zIEubwpYseyGzI0D9\\/MtxB3qi9HicOoJanZmCGbMC\",\"description\":null,\"data_nascita\":null,\"name\":null,\"surname\":null,\"attivo\":null}','add@dee.it','$2a$10$UoKNLVROTCy8zIEubwpYseyGzI0D9/MtxB3qi9HicOoJanZmCGbMC',1,NULL),(364,1,'1401457475',0,NULL,70,0,NULL,NULL,NULL,NULL,NULL,NULL,NULL,NULL,20,'{\"id\":\"20\",\"email\":\"Ssdsds.lool@gmail.it\",\"secret\":\"$2a$10$rzIpLG7MqJE3WaEL0cuJ0.W.Mn1liTfUBufEchukeyzEb8Rhbfaay\",\"description\":null,\"data_nascita\":null,\"name\":null,\"surname\":null,\"attivo\":null}','Ssdsds.lool@gmail.it','$2a$10$rzIpLG7MqJE3WaEL0cuJ0.W.Mn1liTfUBufEchukeyzEb8Rhbfaay',1,NULL),(365,1,'1401457476',0,NULL,70,0,NULL,NULL,NULL,NULL,NULL,NULL,NULL,NULL,21,'{\"id\":\"21\",\"email\":\"Ssdsds.lool@gmaisdaaasl.it\",\"secret\":\"$2a$10$6cu03Hl6Vt8pWIBhYrAdkup9rTzAnFiTP86iCGrdyXsdmFBhiSbVu\",\"description\":null,\"data_nascita\":null,\"name\":null,\"surname\":null,\"attivo\":null}','Ssdsds.lool@gmaisdaaasl.it','$2a$10$6cu03Hl6Vt8pWIBhYrAdkup9rTzAnFiTP86iCGrdyXsdmFBhiSbVu',1,NULL),(366,1,'1401457476',0,NULL,70,0,NULL,NULL,NULL,NULL,NULL,NULL,NULL,NULL,23,'{\"id\":\"23\",\"email\":\"email2_keororo@example.com\",\"secret\":\"$2a$10$dXzYEcpsjP1rzwRgK.UYLO3JLfmaqec.g2lGZZ4oglTWXOvkm4enm\",\"description\":null,\"data_nascita\":null,\"name\":null,\"surname\":null,\"attivo\":null}','email2_keororo@example.com','$2a$10$dXzYEcpsjP1rzwRgK.UYLO3JLfmaqec.g2lGZZ4oglTWXOvkm4enm',1,NULL),(367,1,'1401457476',0,NULL,70,0,NULL,NULL,NULL,NULL,NULL,NULL,NULL,NULL,26,'{\"id\":\"26\",\"email\":\"ddee@eded.it\",\"secret\":\"$2a$10$rMObwHw8kEZ95awXiL5W5usXC892ZnvHSxwpAXJt8WHEGh3NBDHhq\",\"description\":null,\"data_nascita\":null,\"name\":null,\"surname\":null,\"attivo\":null}','ddee@eded.it','$2a$10$rMObwHw8kEZ95awXiL5W5usXC892ZnvHSxwpAXJt8WHEGh3NBDHhq',1,NULL),(368,1,'1401457537',0,NULL,70,0,NULL,NULL,NULL,NULL,NULL,NULL,NULL,NULL,27,'{\"id\":\"27\",\"email\":\"asassds@lol.fff\",\"secret\":\"$2a$10$jEkNKruEJIT3P7NfNwv1SeKcmm4FDheXfMRA2TNiM1kAa7DdRy.lW\",\"description\":null,\"data_nascita\":null,\"name\":null,\"surname\":null,\"attivo\":null}','asassds@lol.fff','$2a$10$jEkNKruEJIT3P7NfNwv1SeKcmm4FDheXfMRA2TNiM1kAa7DdRy.lW',1,NULL),(369,1,'1401457537',0,NULL,70,0,NULL,NULL,NULL,NULL,NULL,NULL,NULL,NULL,28,'{\"id\":\"28\",\"email\":\"c@c.com\",\"secret\":\"$2a$10$psFQLtIJZO11TiOov0o1uuuTlW0rRYZOUEAEJ1TQuvUtD02Z9gc6m\",\"description\":null,\"data_nascita\":null,\"name\":null,\"surname\":null,\"attivo\":null}','c@c.com','$2a$10$psFQLtIJZO11TiOov0o1uuuTlW0rRYZOUEAEJ1TQuvUtD02Z9gc6m',1,NULL),(370,1,'1401457537',0,NULL,70,0,NULL,NULL,NULL,NULL,NULL,NULL,NULL,NULL,29,'{\"id\":\"29\",\"email\":\"c@c.cog\",\"secret\":\"$2a$10$qLTYpc3ZHWkoDn9XgxPcFOG0zWEiGNf1J2rvudPXQ0lZKErsNdZYa\",\"description\":null,\"data_nascita\":null,\"name\":null,\"surname\":null,\"attivo\":null}','c@c.cog','$2a$10$qLTYpc3ZHWkoDn9XgxPcFOG0zWEiGNf1J2rvudPXQ0lZKErsNdZYa',1,NULL),(371,1,'1401457537',0,NULL,70,0,NULL,NULL,NULL,NULL,NULL,NULL,NULL,NULL,30,'{\"id\":\"30\",\"email\":\"c@c.cox\",\"secret\":\"$2a$10$k0r1jRIGAHvdcBKQW6JX7udVZGXQ49pZjUjp2tYaXSM8Uehf5khAa\",\"description\":null,\"data_nascita\":null,\"name\":null,\"surname\":null,\"attivo\":null}','c@c.cox','$2a$10$k0r1jRIGAHvdcBKQW6JX7udVZGXQ49pZjUjp2tYaXSM8Uehf5khAa',1,NULL),(372,1,'1401457537',0,NULL,70,0,NULL,NULL,NULL,NULL,NULL,NULL,NULL,NULL,31,'{\"id\":\"31\",\"email\":\"c@c.coz\",\"secret\":\"$2a$10$ObyMoyA7XTiILy6xLuI86eUgrF4ApICxxscsj4.vMvojRYRGlEz46\",\"description\":null,\"data_nascita\":null,\"name\":null,\"surname\":null,\"attivo\":null}','c@c.coz','$2a$10$ObyMoyA7XTiILy6xLuI86eUgrF4ApICxxscsj4.vMvojRYRGlEz46',1,NULL),(373,1,'1401457537',0,NULL,70,0,NULL,NULL,NULL,NULL,NULL,NULL,NULL,NULL,32,'{\"id\":\"32\",\"email\":\"a@a.asd\",\"secret\":\"$2a$10$apTnrLIU.HU3P0UV3ij4Jeb5K.dxMwMy4xhwWvKlTbsRwaahuIINC\",\"description\":null,\"data_nascita\":null,\"name\":null,\"surname\":null,\"attivo\":null}','a@a.asd','$2a$10$apTnrLIU.HU3P0UV3ij4Jeb5K.dxMwMy4xhwWvKlTbsRwaahuIINC',1,NULL),(374,1,'1401457538',0,NULL,70,0,NULL,NULL,NULL,NULL,NULL,NULL,NULL,NULL,33,'{\"id\":\"33\",\"email\":\"ttt@ttt.com\",\"secret\":\"$2a$10$EQNHkirEQP7JWoLLF8c3w.LSFiSiaVZuwuEu8Ya6FVqPcMqdeRR\\/a\",\"description\":null,\"data_nascita\":null,\"name\":null,\"surname\":null,\"attivo\":null}','ttt@ttt.com','$2a$10$EQNHkirEQP7JWoLLF8c3w.LSFiSiaVZuwuEu8Ya6FVqPcMqdeRR/a',1,NULL),(375,1,'1401457538',0,NULL,70,0,NULL,NULL,NULL,NULL,NULL,NULL,NULL,NULL,34,'{\"id\":\"34\",\"email\":\"ttt@ttt.cog\",\"secret\":\"$2a$10$if1dwwucFU7p\\/nAiz7QgKuEfmRoAtzp0ZK\\/swXEhOkZtjf5sT\\/ebi\",\"description\":null,\"data_nascita\":null,\"name\":null,\"surname\":null,\"attivo\":null}','ttt@ttt.cog','$2a$10$if1dwwucFU7p/nAiz7QgKuEfmRoAtzp0ZK/swXEhOkZtjf5sT/ebi',1,NULL),(376,1,'1401457538',0,NULL,70,0,NULL,NULL,NULL,NULL,NULL,NULL,NULL,NULL,35,'{\"id\":\"35\",\"email\":\"ttt@ttt.con\",\"secret\":\"$2a$10$aP.mvwmyPrQTvIDs36Ce7.Kjuf5Rxi67CDzPXZjFAY9GI1JzjhBLG\",\"description\":null,\"data_nascita\":null,\"name\":null,\"surname\":null,\"attivo\":null}','ttt@ttt.con','$2a$10$aP.mvwmyPrQTvIDs36Ce7.Kjuf5Rxi67CDzPXZjFAY9GI1JzjhBLG',1,NULL),(377,1,'1401457538',0,NULL,70,0,NULL,NULL,NULL,NULL,NULL,NULL,NULL,NULL,38,'{\"id\":\"38\",\"email\":\"xxx@xxx.xxx\",\"secret\":\"$2a$10$ATH6TmIjCITKKRB5uGjLQ.f1Chak7gV.EV0mx\\/paX\\/lsY9Yfqdbuy\",\"description\":null,\"data_nascita\":null,\"name\":null,\"surname\":null,\"attivo\":null}','xxx@xxx.xxx','$2a$10$ATH6TmIjCITKKRB5uGjLQ.f1Chak7gV.EV0mx/paX/lsY9Yfqdbuy',1,NULL),(378,1,'1401457598',0,NULL,70,0,NULL,NULL,NULL,NULL,NULL,NULL,NULL,NULL,11,'{\"id\":\"11\",\"email\":\"thomas.schiavello@two-b.it\",\"secret\":\"$2a$10$63gk15KcVStlPLfy108BnOpyxtGMEchZONET5hvT1XWDfZyyndPJS\",\"description\":null,\"data_nascita\":null,\"name\":null,\"surname\":null,\"attivo\":null}','thomas.schiavello@two-b.it','$2a$10$63gk15KcVStlPLfy108BnOpyxtGMEchZONET5hvT1XWDfZyyndPJS',1,NULL),(379,1,'1401457598',0,NULL,70,0,NULL,NULL,NULL,NULL,NULL,NULL,NULL,NULL,61,'{\"id\":\"61\",\"email\":\"culo@camicia.com\",\"secret\":\"\",\"description\":null,\"data_nascita\":null,\"name\":null,\"surname\":null,\"attivo\":null}','culo@camicia.com','',1,NULL),(380,1,'1401457598',0,NULL,70,0,NULL,NULL,NULL,NULL,NULL,NULL,NULL,NULL,62,'{\"id\":\"62\",\"email\":\"culo@camicia2.com\",\"secret\":\"$2a$10$jvrAF0QaNvuFO0eMviBlI.kfDkoJrdyD2A\\/AGh1\\/Y2DmgTOdXqmf.\",\"description\":null,\"data_nascita\":null,\"name\":null,\"surname\":null,\"attivo\":null}','culo@camicia2.com','$2a$10$jvrAF0QaNvuFO0eMviBlI.kfDkoJrdyD2A/AGh1/Y2DmgTOdXqmf.',1,NULL),(381,1,'1401457476',0,NULL,71,0,NULL,NULL,NULL,NULL,NULL,NULL,NULL,NULL,14,'{\"id\":\"14\",\"email\":\"sbiri@sburu.it\",\"secret\":\"$2a$10$A.BSVeHYthXlTI0IEN6nVusQ9Hq.TdETzGWM2166CcB1qoIOLkSc6\",\"description\":null,\"data_nascita\":null,\"name\":null,\"surname\":null,\"attivo\":null}','sbiri@sburu.it','$2a$10$A.BSVeHYthXlTI0IEN6nVusQ9Hq.TdETzGWM2166CcB1qoIOLkSc6',1,NULL),(382,1,'1401457477',0,NULL,71,0,NULL,NULL,NULL,NULL,NULL,NULL,NULL,NULL,16,'{\"id\":\"16\",\"email\":\"Email2@asds.com\",\"secret\":\"$2a$10$nw54nWZAcB8dQE4zudoDmurvopvscDtMoXEIgbkyZqDK.uAOTFWkG\",\"description\":null,\"data_nascita\":null,\"name\":null,\"surname\":null,\"attivo\":null}','Email2@asds.com','$2a$10$nw54nWZAcB8dQE4zudoDmurvopvscDtMoXEIgbkyZqDK.uAOTFWkG',1,NULL),(383,1,'1401457478',0,NULL,71,0,NULL,NULL,NULL,NULL,NULL,NULL,NULL,NULL,17,'{\"id\":\"17\",\"email\":\"email3@example.com\",\"secret\":\"$2a$10$Xi62R2HjK5nk2oG2MgtVj.lAN8NvKko9CZ7DX9Eh9jAq2bmW9iaOS\",\"description\":null,\"data_nascita\":null,\"name\":null,\"surname\":null,\"attivo\":null}','email3@example.com','$2a$10$Xi62R2HjK5nk2oG2MgtVj.lAN8NvKko9CZ7DX9Eh9jAq2bmW9iaOS',1,NULL),(384,1,'1401457478',0,NULL,71,0,NULL,NULL,NULL,NULL,NULL,NULL,NULL,NULL,15,'{\"id\":\"15\",\"email\":\"email1$@example.com\",\"secret\":\"$2a$10$K04hbtUEL\\/k8RnjHbcNi1e.Zar7r499eF.Ft5PuV50wDAlI01KXvG\",\"description\":null,\"data_nascita\":null,\"name\":null,\"surname\":null,\"attivo\":null}','email1$@example.com','$2a$10$K04hbtUEL/k8RnjHbcNi1e.Zar7r499eF.Ft5PuV50wDAlI01KXvG',1,NULL),(385,1,'1401457479',0,NULL,71,0,NULL,NULL,NULL,NULL,NULL,NULL,NULL,NULL,18,'{\"id\":\"18\",\"email\":\"ciccio.pasticcio@cicciolandia.com\",\"secret\":\"$2a$10$tgv1F2as1P81U8HAV.DgWOnTx6MeJ63U1Dl3vpVc2B8fTE575Fqn.\",\"description\":null,\"data_nascita\":null,\"name\":null,\"surname\":null,\"attivo\":null}','ciccio.pasticcio@cicciolandia.com','$2a$10$tgv1F2as1P81U8HAV.DgWOnTx6MeJ63U1Dl3vpVc2B8fTE575Fqn.',1,NULL),(386,1,'1401457480',0,NULL,71,0,NULL,NULL,NULL,NULL,NULL,NULL,NULL,NULL,19,'{\"id\":\"19\",\"email\":\"add@dee.it\",\"secret\":\"$2a$10$UoKNLVROTCy8zIEubwpYseyGzI0D9\\/MtxB3qi9HicOoJanZmCGbMC\",\"description\":null,\"data_nascita\":null,\"name\":null,\"surname\":null,\"attivo\":null}','add@dee.it','$2a$10$UoKNLVROTCy8zIEubwpYseyGzI0D9/MtxB3qi9HicOoJanZmCGbMC',1,NULL),(387,1,'1401457480',0,NULL,71,0,NULL,NULL,NULL,NULL,NULL,NULL,NULL,NULL,20,'{\"id\":\"20\",\"email\":\"Ssdsds.lool@gmail.it\",\"secret\":\"$2a$10$rzIpLG7MqJE3WaEL0cuJ0.W.Mn1liTfUBufEchukeyzEb8Rhbfaay\",\"description\":null,\"data_nascita\":null,\"name\":null,\"surname\":null,\"attivo\":null}','Ssdsds.lool@gmail.it','$2a$10$rzIpLG7MqJE3WaEL0cuJ0.W.Mn1liTfUBufEchukeyzEb8Rhbfaay',1,NULL),(388,1,'1401457480',0,NULL,71,0,NULL,NULL,NULL,NULL,NULL,NULL,NULL,NULL,21,'{\"id\":\"21\",\"email\":\"Ssdsds.lool@gmaisdaaasl.it\",\"secret\":\"$2a$10$6cu03Hl6Vt8pWIBhYrAdkup9rTzAnFiTP86iCGrdyXsdmFBhiSbVu\",\"description\":null,\"data_nascita\":null,\"name\":null,\"surname\":null,\"attivo\":null}','Ssdsds.lool@gmaisdaaasl.it','$2a$10$6cu03Hl6Vt8pWIBhYrAdkup9rTzAnFiTP86iCGrdyXsdmFBhiSbVu',1,NULL),(389,1,'1401457480',0,NULL,71,0,NULL,NULL,NULL,NULL,NULL,NULL,NULL,NULL,23,'{\"id\":\"23\",\"email\":\"email2_keororo@example.com\",\"secret\":\"$2a$10$dXzYEcpsjP1rzwRgK.UYLO3JLfmaqec.g2lGZZ4oglTWXOvkm4enm\",\"description\":null,\"data_nascita\":null,\"name\":null,\"surname\":null,\"attivo\":null}','email2_keororo@example.com','$2a$10$dXzYEcpsjP1rzwRgK.UYLO3JLfmaqec.g2lGZZ4oglTWXOvkm4enm',1,NULL),(390,1,'1401457481',0,NULL,71,0,NULL,NULL,NULL,NULL,NULL,NULL,NULL,NULL,26,'{\"id\":\"26\",\"email\":\"ddee@eded.it\",\"secret\":\"$2a$10$rMObwHw8kEZ95awXiL5W5usXC892ZnvHSxwpAXJt8WHEGh3NBDHhq\",\"description\":null,\"data_nascita\":null,\"name\":null,\"surname\":null,\"attivo\":null}','ddee@eded.it','$2a$10$rMObwHw8kEZ95awXiL5W5usXC892ZnvHSxwpAXJt8WHEGh3NBDHhq',1,NULL),(391,1,'1401457541',0,NULL,71,0,NULL,NULL,NULL,NULL,NULL,NULL,NULL,NULL,27,'{\"id\":\"27\",\"email\":\"asassds@lol.fff\",\"secret\":\"$2a$10$jEkNKruEJIT3P7NfNwv1SeKcmm4FDheXfMRA2TNiM1kAa7DdRy.lW\",\"description\":null,\"data_nascita\":null,\"name\":null,\"surname\":null,\"attivo\":null}','asassds@lol.fff','$2a$10$jEkNKruEJIT3P7NfNwv1SeKcmm4FDheXfMRA2TNiM1kAa7DdRy.lW',1,NULL),(392,1,'1401457541',0,NULL,71,0,NULL,NULL,NULL,NULL,NULL,NULL,NULL,NULL,28,'{\"id\":\"28\",\"email\":\"c@c.com\",\"secret\":\"$2a$10$psFQLtIJZO11TiOov0o1uuuTlW0rRYZOUEAEJ1TQuvUtD02Z9gc6m\",\"description\":null,\"data_nascita\":null,\"name\":null,\"surname\":null,\"attivo\":null}','c@c.com','$2a$10$psFQLtIJZO11TiOov0o1uuuTlW0rRYZOUEAEJ1TQuvUtD02Z9gc6m',1,NULL),(393,1,'1401457541',0,NULL,71,0,NULL,NULL,NULL,NULL,NULL,NULL,NULL,NULL,29,'{\"id\":\"29\",\"email\":\"c@c.cog\",\"secret\":\"$2a$10$qLTYpc3ZHWkoDn9XgxPcFOG0zWEiGNf1J2rvudPXQ0lZKErsNdZYa\",\"description\":null,\"data_nascita\":null,\"name\":null,\"surname\":null,\"attivo\":null}','c@c.cog','$2a$10$qLTYpc3ZHWkoDn9XgxPcFOG0zWEiGNf1J2rvudPXQ0lZKErsNdZYa',1,NULL),(394,1,'1401457541',0,NULL,71,0,NULL,NULL,NULL,NULL,NULL,NULL,NULL,NULL,30,'{\"id\":\"30\",\"email\":\"c@c.cox\",\"secret\":\"$2a$10$k0r1jRIGAHvdcBKQW6JX7udVZGXQ49pZjUjp2tYaXSM8Uehf5khAa\",\"description\":null,\"data_nascita\":null,\"name\":null,\"surname\":null,\"attivo\":null}','c@c.cox','$2a$10$k0r1jRIGAHvdcBKQW6JX7udVZGXQ49pZjUjp2tYaXSM8Uehf5khAa',1,NULL),(395,1,'1401457541',0,NULL,71,0,NULL,NULL,NULL,NULL,NULL,NULL,NULL,NULL,31,'{\"id\":\"31\",\"email\":\"c@c.coz\",\"secret\":\"$2a$10$ObyMoyA7XTiILy6xLuI86eUgrF4ApICxxscsj4.vMvojRYRGlEz46\",\"description\":null,\"data_nascita\":null,\"name\":null,\"surname\":null,\"attivo\":null}','c@c.coz','$2a$10$ObyMoyA7XTiILy6xLuI86eUgrF4ApICxxscsj4.vMvojRYRGlEz46',1,NULL),(396,1,'1401457541',0,NULL,71,0,NULL,NULL,NULL,NULL,NULL,NULL,NULL,NULL,32,'{\"id\":\"32\",\"email\":\"a@a.asd\",\"secret\":\"$2a$10$apTnrLIU.HU3P0UV3ij4Jeb5K.dxMwMy4xhwWvKlTbsRwaahuIINC\",\"description\":null,\"data_nascita\":null,\"name\":null,\"surname\":null,\"attivo\":null}','a@a.asd','$2a$10$apTnrLIU.HU3P0UV3ij4Jeb5K.dxMwMy4xhwWvKlTbsRwaahuIINC',1,NULL),(397,1,'1401457541',0,NULL,71,0,NULL,NULL,NULL,NULL,NULL,NULL,NULL,NULL,33,'{\"id\":\"33\",\"email\":\"ttt@ttt.com\",\"secret\":\"$2a$10$EQNHkirEQP7JWoLLF8c3w.LSFiSiaVZuwuEu8Ya6FVqPcMqdeRR\\/a\",\"description\":null,\"data_nascita\":null,\"name\":null,\"surname\":null,\"attivo\":null}','ttt@ttt.com','$2a$10$EQNHkirEQP7JWoLLF8c3w.LSFiSiaVZuwuEu8Ya6FVqPcMqdeRR/a',1,NULL),(398,1,'1401457541',0,NULL,71,0,NULL,NULL,NULL,NULL,NULL,NULL,NULL,NULL,34,'{\"id\":\"34\",\"email\":\"ttt@ttt.cog\",\"secret\":\"$2a$10$if1dwwucFU7p\\/nAiz7QgKuEfmRoAtzp0ZK\\/swXEhOkZtjf5sT\\/ebi\",\"description\":null,\"data_nascita\":null,\"name\":null,\"surname\":null,\"attivo\":null}','ttt@ttt.cog','$2a$10$if1dwwucFU7p/nAiz7QgKuEfmRoAtzp0ZK/swXEhOkZtjf5sT/ebi',1,NULL),(399,1,'1401457542',0,NULL,71,0,NULL,NULL,NULL,NULL,NULL,NULL,NULL,NULL,35,'{\"id\":\"35\",\"email\":\"ttt@ttt.con\",\"secret\":\"$2a$10$aP.mvwmyPrQTvIDs36Ce7.Kjuf5Rxi67CDzPXZjFAY9GI1JzjhBLG\",\"description\":null,\"data_nascita\":null,\"name\":null,\"surname\":null,\"attivo\":null}','ttt@ttt.con','$2a$10$aP.mvwmyPrQTvIDs36Ce7.Kjuf5Rxi67CDzPXZjFAY9GI1JzjhBLG',1,NULL),(400,1,'1401457542',0,NULL,71,0,NULL,NULL,NULL,NULL,NULL,NULL,NULL,NULL,38,'{\"id\":\"38\",\"email\":\"xxx@xxx.xxx\",\"secret\":\"$2a$10$ATH6TmIjCITKKRB5uGjLQ.f1Chak7gV.EV0mx\\/paX\\/lsY9Yfqdbuy\",\"description\":null,\"data_nascita\":null,\"name\":null,\"surname\":null,\"attivo\":null}','xxx@xxx.xxx','$2a$10$ATH6TmIjCITKKRB5uGjLQ.f1Chak7gV.EV0mx/paX/lsY9Yfqdbuy',1,NULL),(401,1,'1401457602',0,NULL,71,0,NULL,NULL,NULL,NULL,NULL,NULL,NULL,NULL,11,'{\"id\":\"11\",\"email\":\"thomas.schiavello@two-b.it\",\"secret\":\"$2a$10$63gk15KcVStlPLfy108BnOpyxtGMEchZONET5hvT1XWDfZyyndPJS\",\"description\":null,\"data_nascita\":null,\"name\":null,\"surname\":null,\"attivo\":null}','thomas.schiavello@two-b.it','$2a$10$63gk15KcVStlPLfy108BnOpyxtGMEchZONET5hvT1XWDfZyyndPJS',1,NULL),(402,1,'1401457602',0,NULL,71,0,NULL,NULL,NULL,NULL,NULL,NULL,NULL,NULL,61,'{\"id\":\"61\",\"email\":\"culo@camicia.com\",\"secret\":\"\",\"description\":null,\"data_nascita\":null,\"name\":null,\"surname\":null,\"attivo\":null}','culo@camicia.com','',1,NULL),(403,1,'1401457602',0,NULL,71,0,NULL,NULL,NULL,NULL,NULL,NULL,NULL,NULL,62,'{\"id\":\"62\",\"email\":\"culo@camicia2.com\",\"secret\":\"$2a$10$jvrAF0QaNvuFO0eMviBlI.kfDkoJrdyD2A\\/AGh1\\/Y2DmgTOdXqmf.\",\"description\":null,\"data_nascita\":null,\"name\":null,\"surname\":null,\"attivo\":null}','culo@camicia2.com','$2a$10$jvrAF0QaNvuFO0eMviBlI.kfDkoJrdyD2A/AGh1/Y2DmgTOdXqmf.',1,NULL);
/*!40000 ALTER TABLE `recipients` ENABLE KEYS */;
UNLOCK TABLES;

--
-- Table structure for table `sendings`
--

DROP TABLE IF EXISTS `sendings`;
/*!40101 SET @saved_cs_client     = @@character_set_client */;
/*!40101 SET character_set_client = utf8 */;
CREATE TABLE `sendings` (
  `id` int(11) NOT NULL AUTO_INCREMENT,
  `recipient_count` int(11) NOT NULL,
  `sender_name` varchar(255) DEFAULT NULL,
  `mailinglist_ids` text NOT NULL,
  `status` int(11) NOT NULL DEFAULT '0',
  `errors` tinyint(1) DEFAULT '0',
  `errors_details` text,
  `type` int(11) NOT NULL,
  `mail_id` int(11) NOT NULL,
  `smtp_id` int(11) NOT NULL,
  `smtp_email` varchar(255) NOT NULL,
  `time` varchar(50) DEFAULT NULL,
  `note` text,
  `created` datetime DEFAULT NULL,
  `modified` datetime DEFAULT NULL,
  `started` varchar(50) DEFAULT NULL,
  `ended` varchar(50) DEFAULT NULL,
  `stopped` tinyint(1) DEFAULT '0',
  `stopped_until` varchar(50) DEFAULT NULL,
  PRIMARY KEY (`id`),
  KEY `sendings_mail_id` (`mail_id`)
) ENGINE=InnoDB AUTO_INCREMENT=72 DEFAULT CHARSET=utf8;
/*!40101 SET character_set_client = @saved_cs_client */;

--
-- Dumping data for table `sendings`
--

LOCK TABLES `sendings` WRITE;
/*!40000 ALTER TABLE `sendings` DISABLE KEYS */;
INSERT INTO `sendings` VALUES (9,0,NULL,'',2,0,NULL,0,16,1,'thomas.schiavello@gmail.com',NULL,'','2013-10-30 09:29:49','2013-10-30 09:40:20','1383126020','1383126026',NULL,NULL),(10,0,NULL,'',2,0,NULL,0,16,1,'thomas.schiavello@gmail.com',NULL,'','2013-10-30 09:51:18','2013-10-30 09:51:18','1383126678','1383126686',NULL,NULL),(11,0,NULL,'',2,0,NULL,0,16,1,'thomas.schiavello@gmail.com',NULL,'','2013-10-30 14:16:02','2013-10-30 14:16:02','1383142562','1383142570',NULL,NULL),(12,0,NULL,'',2,0,NULL,0,16,1,'thomas.schiavello@gmail.com','1383144000','','2013-10-30 14:38:44','2013-10-30 14:38:44','1383144740','1383144746',NULL,NULL),(13,0,NULL,'',2,0,NULL,0,16,1,'thomas.schiavello@gmail.com',NULL,'','2013-10-30 14:43:10','2013-10-30 14:43:10','1383144190','1383144274',NULL,NULL),(14,0,NULL,'',2,0,NULL,0,16,1,'thomas.schiavello@gmail.com','1383144600','','2013-10-30 14:48:57','2013-10-30 14:48:57','1383144739','1383144745',NULL,NULL),(15,0,NULL,'',2,0,NULL,0,16,1,'thomas.schiavello@gmail.com',NULL,'','2013-10-30 14:54:55','2013-10-30 14:54:55','1383144959','1383144966',NULL,NULL),(16,0,NULL,'',2,0,NULL,0,16,1,'thomas.schiavello@gmail.com','1383145200','','2013-10-30 14:55:30','2013-10-30 14:55:30','1383657806','1383657815',NULL,NULL),(17,0,NULL,'',2,0,NULL,0,16,1,'thomas.schiavello@gmail.com',NULL,'','2013-11-05 13:25:27','2013-11-05 13:25:27','1383657927','1383657935',NULL,NULL),(18,0,NULL,'',2,0,NULL,0,16,1,'thomas.schiavello@gmail.com',NULL,'','2013-11-05 13:26:39','2013-11-05 13:26:39','1383657999','1383658006',NULL,NULL),(19,0,NULL,'',2,0,NULL,0,16,1,'thomas.schiavello@gmail.com','1383658200','','2013-11-05 13:27:22','2013-11-05 13:27:22','1383658353','1383658360',NULL,NULL),(20,0,NULL,'',2,0,NULL,0,16,1,'thomas.schiavello@gmail.com',NULL,'','2013-11-05 13:36:03','2013-11-05 13:36:03','1383658563','1383658570',NULL,NULL),(21,0,NULL,'',2,0,NULL,0,16,1,'thomas.schiavello@gmail.com',NULL,'','2013-11-05 13:36:43','2013-11-05 13:36:43','1383658603','1383658610',NULL,NULL),(22,0,NULL,'',2,0,NULL,0,16,1,'thomas.schiavello@gmail.com','1383658800','','2013-11-05 13:37:13','2013-11-05 13:37:13','1383658993','1383658999',NULL,NULL),(23,0,NULL,'',2,0,NULL,0,16,1,'thomas.schiavello@gmail.com','1383659100','','2013-11-05 13:43:40','2013-11-05 13:43:40','1383659195','1383659202',NULL,NULL),(24,0,NULL,'',2,1,NULL,0,16,1,'thomas.schiavello@gmail.com','1383659400','','2013-11-05 13:47:00','2013-11-05 13:47:00','1383659804','1383659808',NULL,NULL),(25,0,NULL,'',2,0,NULL,0,16,1,'thomas.schiavello@gmail.com','1383660000','','2013-11-05 13:57:28','2013-11-05 13:57:28','1383660080','1383660086',NULL,NULL),(26,0,NULL,'',2,0,NULL,0,16,1,'thomas.schiavello@gmail.com','1383660300','','2013-11-05 14:01:55','2013-11-05 14:01:55','1383660322','1383660329',NULL,NULL),(27,0,NULL,'',2,0,NULL,0,16,1,'thomas.schiavello@gmail.com','1383660600','','2013-11-05 14:05:48','2013-11-05 14:05:48','1383660634','1383660642',NULL,NULL),(28,0,NULL,'',2,0,NULL,0,16,1,'thomas.schiavello@gmail.com','1383660900','','2013-11-05 14:13:38','2013-11-05 14:13:38','1383660900','1383660907',NULL,NULL),(29,0,NULL,'',2,0,NULL,0,16,1,'thomas.schiavello@gmail.com',NULL,'','2013-11-05 14:19:24','2013-11-05 14:19:24','1383661164','1383661230',NULL,NULL),(30,0,NULL,'',2,0,NULL,0,16,1,'thomas.schiavello@gmail.com',NULL,'','2013-11-05 14:22:58','2013-11-05 14:22:58','1383661378','1383661385',NULL,NULL),(31,0,NULL,'',2,0,NULL,0,16,1,'thomas.schiavello@gmail.com',NULL,'','2014-02-04 16:27:41','2014-02-04 16:27:41','1391531454','1391593254',NULL,NULL),(32,0,NULL,'',2,0,NULL,0,16,1,'thomas.schiavello@gmail.com',NULL,'','2014-02-04 16:59:56','2014-02-04 16:59:56','1391591449','1391593254',NULL,NULL),(36,0,NULL,'',2,0,NULL,2,17,1,'thomas.schiavello@gmail.com',NULL,'','2014-02-17 11:40:03','2014-02-17 11:40:03','1392637318','1392637326',NULL,NULL),(38,0,NULL,'',2,0,NULL,0,17,1,'thomas.schiavello@gmail.com',NULL,'','2014-02-17 11:49:05','2014-02-17 11:49:05','1392637968','1392637978',NULL,NULL),(39,0,NULL,'',2,0,NULL,0,17,1,'thomas.schiavello@gmail.com',NULL,'','2014-02-17 11:54:50','2014-02-17 11:54:50','1392638090','1392638104',NULL,NULL),(40,0,NULL,'',2,0,NULL,0,17,1,'thomas.schiavello@gmail.com',NULL,'','2014-02-17 11:56:24','2014-02-17 11:56:24','1392638184','1392638192',NULL,NULL),(41,0,NULL,'',2,0,NULL,0,17,1,'thomas.schiavello@gmail.com',NULL,'','2014-02-17 11:57:00','2014-02-17 11:57:00','1392638221','1392638229',NULL,NULL),(45,0,NULL,'21',2,0,NULL,0,18,1,'thomas.schiavello@gmail.com',NULL,'','2014-02-21 14:43:55','2014-02-21 14:43:55','1392994319','1392994352',NULL,NULL),(46,0,NULL,'21',2,0,NULL,0,18,1,'thomas.schiavello@gmail.com',NULL,'','2014-02-21 14:53:14','2014-02-21 14:53:14','1392994394','1392994399',NULL,NULL),(47,0,NULL,'21',2,0,NULL,0,18,1,'thomas.schiavello@gmail.com',NULL,'','2014-02-21 14:55:38','2014-02-21 14:55:38','1392994539','1392994546',NULL,NULL),(48,0,NULL,'21',2,0,NULL,0,18,1,'thomas.schiavello@gmail.com',NULL,'','2014-02-21 14:56:13','2014-02-21 14:56:13','1392994573','1392994576',NULL,NULL),(49,0,NULL,'21',2,0,NULL,0,18,1,'thomas.schiavello@gmail.com',NULL,'','2014-02-21 15:01:43','2014-02-21 15:01:43','1392994904','1392994907',NULL,NULL),(50,0,NULL,'21',2,0,NULL,0,18,1,'thomas.schiavello@gmail.com',NULL,'','2014-02-21 15:03:43','2014-02-21 15:03:43','1392995023','1392995028',NULL,NULL),(51,0,NULL,'21',2,0,NULL,0,18,1,'thomas.schiavello@gmail.com',NULL,'','2014-02-21 16:12:30','2014-02-21 16:12:30','1392999150','1392999154',NULL,NULL),(52,0,NULL,'21',2,0,NULL,0,18,1,'thomas.schiavello@gmail.com',NULL,'','2014-02-21 16:50:55','2014-02-21 16:50:55','1393001455','1393001459',NULL,NULL),(57,1,'Doshu','',2,0,NULL,0,19,1,'thomas.schiavello@gmail.com',NULL,'','2014-03-12 16:34:43','2014-03-12 16:34:43','1394642173','1394642177',NULL,NULL),(58,1,'','',2,0,NULL,0,18,1,'thomas.schiavello@gmail.com',NULL,'','2014-03-17 16:56:48','2014-03-17 16:56:48','1395075435','1395075827',NULL,NULL),(59,1,'','',2,0,NULL,0,18,1,'thomas.schiavello@gmail.com',NULL,'','2014-03-17 17:03:20','2014-03-17 17:03:20','1395075800','1395075805',NULL,NULL),(60,1,'','',2,0,NULL,0,18,1,'thomas.schiavello@gmail.com',NULL,'','2014-03-17 17:04:19','2014-03-17 17:04:19','1395075859','1395075869',NULL,NULL),(61,1,'','',2,0,NULL,0,18,1,'thomas.schiavello@gmail.com',NULL,'','2014-03-17 17:05:33','2014-03-17 17:05:33','1395075934','1395075941',NULL,NULL),(62,1,'','',2,0,NULL,0,18,1,'thomas.schiavello@gmail.com',NULL,'','2014-05-29 09:22:58','2014-05-29 09:22:58','1401355379','1401355382',NULL,NULL),(63,23,'','',2,0,NULL,0,18,1,'thomas.schiavello@gmail.com',NULL,'','2014-05-30 12:32:13','2014-05-30 12:32:13','1401453611','1401453643',0,NULL),(64,23,'','',2,0,NULL,0,18,1,'thomas.schiavello@gmail.com',NULL,'','2014-05-30 12:45:27','2014-05-30 12:45:27','1401453927','1401453956',0,NULL),(65,23,'','',2,0,NULL,0,18,1,'thomas.schiavello@gmail.com',NULL,'','2014-05-30 12:59:55','2014-05-30 12:59:55','1401454813','1401454815',0,NULL),(66,23,'','',2,0,NULL,0,18,1,'thomas.schiavello@gmail.com',NULL,'','2014-05-30 13:01:03','2014-05-30 13:01:03','1401456333','1401456333',0,NULL),(67,23,'','',2,0,NULL,0,18,1,'thomas.schiavello@gmail.com',NULL,'','2014-05-30 13:02:40','2014-05-30 13:02:40','1401456669','1401456669',0,NULL),(68,23,'','',2,0,NULL,0,18,1,'thomas.schiavello@gmail.com',NULL,'','2014-05-30 13:35:22','2014-05-30 13:35:22','1401457076','1401457076',0,NULL),(69,23,'','',2,0,NULL,0,18,1,'thomas.schiavello@gmail.com',NULL,'','2014-05-30 13:35:32','2014-05-30 13:35:32','1401457076','1401457076',0,NULL),(70,23,'','',2,0,NULL,0,18,1,'thomas.schiavello@gmail.com',NULL,'','2014-05-30 13:44:31','2014-05-30 13:44:31','1401457598','1401457598',0,NULL),(71,23,'','',2,0,NULL,0,18,1,'thomas.schiavello@gmail.com',NULL,'','2014-05-30 13:44:33','2014-05-30 13:44:33','1401457602','1401457602',0,NULL);
/*!40000 ALTER TABLE `sendings` ENABLE KEYS */;
UNLOCK TABLES;

--
-- Table structure for table `smtps`
--

DROP TABLE IF EXISTS `smtps`;
/*!40101 SET @saved_cs_client     = @@character_set_client */;
/*!40101 SET character_set_client = utf8 */;
CREATE TABLE `smtps` (
  `email` varchar(255) NOT NULL,
  `name` varchar(255) NOT NULL,
  `host` varchar(255) NOT NULL,
  `port` int(11) NOT NULL,
  `enctype` varchar(50) NOT NULL,
  `authtype` varchar(255) NOT NULL,
  `username` varchar(255) NOT NULL,
  `password` varchar(255) NOT NULL,
  `id` int(11) NOT NULL AUTO_INCREMENT,
  `user_id` int(11) NOT NULL,
  `created` datetime DEFAULT NULL,
  `modified` datetime DEFAULT NULL,
  PRIMARY KEY (`id`),
  KEY `smpts_user_id` (`user_id`)
) ENGINE=InnoDB AUTO_INCREMENT=3 DEFAULT CHARSET=utf8;
/*!40101 SET character_set_client = @saved_cs_client */;

--
-- Dumping data for table `smtps`
--

LOCK TABLES `smtps` WRITE;
/*!40000 ALTER TABLE `smtps` DISABLE KEYS */;
INSERT INTO `smtps` VALUES ('thomas.schiavello@gmail.com','Thomas Schiavello','smtp.gmail.com',465,'tls','LOGIN','thomas.schiavello@gmail.com','DoshuShodan231191',1,1,'2013-04-18 10:57:38','2014-03-18 10:21:26'),('doshu_mes@yahoo.it','Doshu Yahoo','smtp.mail.yahoo.it',465,'none','LOGIN','doshu_mes','DoshuShodan231191',2,1,'2013-08-13 10:24:50','2014-02-03 22:17:29');
/*!40000 ALTER TABLE `smtps` ENABLE KEYS */;
UNLOCK TABLES;

--
-- Table structure for table `tempattachments`
--

DROP TABLE IF EXISTS `tempattachments`;
/*!40101 SET @saved_cs_client     = @@character_set_client */;
/*!40101 SET character_set_client = utf8 */;
CREATE TABLE `tempattachments` (
  `id` int(11) NOT NULL AUTO_INCREMENT,
  `tempname` varchar(255) NOT NULL,
  `realname` varchar(255) NOT NULL,
  `validated` int(11) DEFAULT NULL,
  `created` datetime NOT NULL,
  `user_id` int(11) NOT NULL,
  PRIMARY KEY (`id`),
  KEY `tempattachments_user_id` (`user_id`)
) ENGINE=InnoDB DEFAULT CHARSET=utf8;
/*!40101 SET character_set_client = @saved_cs_client */;

--
-- Dumping data for table `tempattachments`
--

LOCK TABLES `tempattachments` WRITE;
/*!40000 ALTER TABLE `tempattachments` DISABLE KEYS */;
/*!40000 ALTER TABLE `tempattachments` ENABLE KEYS */;
UNLOCK TABLES;

--
-- Table structure for table `templates`
--

DROP TABLE IF EXISTS `templates`;
/*!40101 SET @saved_cs_client     = @@character_set_client */;
/*!40101 SET character_set_client = utf8 */;
CREATE TABLE `templates` (
  `id` int(11) NOT NULL AUTO_INCREMENT,
  `name` varchar(255) NOT NULL,
  `description` text,
  `html` longtext,
  `text` longtext,
  `user_id` varchar(255) NOT NULL,
  `created` datetime DEFAULT NULL,
  `modified` datetime DEFAULT NULL,
  PRIMARY KEY (`id`),
  KEY `templates_user_id` (`user_id`)
) ENGINE=InnoDB AUTO_INCREMENT=4 DEFAULT CHARSET=utf8;
/*!40101 SET character_set_client = @saved_cs_client */;

--
-- Dumping data for table `templates`
--

LOCK TABLES `templates` WRITE;
/*!40000 ALTER TABLE `templates` DISABLE KEYS */;
INSERT INTO `templates` VALUES (3,'prova','asdasdsa','<p>ciao {{name}} {{surname}}</p>\r\n\r\n<p>&nbsp;</p>\r\n\r\n<p><img alt=\"\" src=\"http://127.0.0.1/mes/webroot/file_manager/files/1/944250_596049927080238_41769568_n_2.png\" style=\"width: 498px; height: 543px;\" /></p>\r\n','solo testo','1','2014-03-20 10:29:36','2014-03-20 15:24:22');
/*!40000 ALTER TABLE `templates` ENABLE KEYS */;
UNLOCK TABLES;

--
-- Table structure for table `unsubscriptions`
--

DROP TABLE IF EXISTS `unsubscriptions`;
/*!40101 SET @saved_cs_client     = @@character_set_client */;
/*!40101 SET character_set_client = utf8 */;
CREATE TABLE `unsubscriptions` (
  `id` int(11) NOT NULL AUTO_INCREMENT,
  `member_id` int(11) NOT NULL,
  `member_email` varchar(255) NOT NULL,
  `sending_id` int(11) NOT NULL,
  `recipient_id` int(11) NOT NULL,
  `created` datetime NOT NULL,
  PRIMARY KEY (`id`,`member_id`,`sending_id`,`recipient_id`),
  KEY `unsubscriptions_member_id` (`member_id`),
  KEY `unsubscriptions_sending_id` (`sending_id`),
  KEY `unsubscriptions_recipient_id` (`recipient_id`),
  KEY `unsubscriptions_id` (`id`)
) ENGINE=InnoDB AUTO_INCREMENT=5 DEFAULT CHARSET=utf8
/*!50100 PARTITION BY HASH (sending_id)
PARTITIONS 1024 */;
/*!40101 SET character_set_client = @saved_cs_client */;

--
-- Dumping data for table `unsubscriptions`
--

LOCK TABLES `unsubscriptions` WRITE;
/*!40000 ALTER TABLE `unsubscriptions` DISABLE KEYS */;
INSERT INTO `unsubscriptions` VALUES (3,4,'thomas.schiavello@gmail.com',52,184,'2014-02-21 16:51:09'),(4,4,'thomas.schiavello@gmail.com',52,184,'2014-02-24 11:30:55');
/*!40000 ALTER TABLE `unsubscriptions` ENABLE KEYS */;
UNLOCK TABLES;

--
-- Table structure for table `users`
--

DROP TABLE IF EXISTS `users`;
/*!40101 SET @saved_cs_client     = @@character_set_client */;
/*!40101 SET character_set_client = utf8 */;
CREATE TABLE `users` (
  `id` int(11) NOT NULL AUTO_INCREMENT,
  `name` varchar(45) NOT NULL,
  `surname` varchar(45) NOT NULL,
  `username` varchar(45) NOT NULL,
  `password` varchar(255) CHARACTER SET latin1 COLLATE latin1_general_cs NOT NULL,
  `timezone` varchar(50) NOT NULL DEFAULT 'Europe/Rome',
  `filemanager_quota` int(11) DEFAULT NULL,
  `active` tinyint(1) NOT NULL,
  PRIMARY KEY (`id`),
  UNIQUE KEY `username` (`username`)
) ENGINE=InnoDB AUTO_INCREMENT=2 DEFAULT CHARSET=utf8;
/*!40101 SET character_set_client = @saved_cs_client */;

--
-- Dumping data for table `users`
--

LOCK TABLES `users` WRITE;
/*!40000 ALTER TABLE `users` DISABLE KEYS */;
INSERT INTO `users` VALUES (1,'Thomas','Schiavello','doshu','$2a$10$qFZS3b.2Nq2xlAB4falYreXu8gxN0GMEfVFjaeVTzaw8Ph1r7kpQ6','Europe/Rome',NULL,1);
/*!40000 ALTER TABLE `users` ENABLE KEYS */;
UNLOCK TABLES;
/*!40103 SET TIME_ZONE=@OLD_TIME_ZONE */;

/*!40101 SET SQL_MODE=@OLD_SQL_MODE */;
/*!40014 SET FOREIGN_KEY_CHECKS=@OLD_FOREIGN_KEY_CHECKS */;
/*!40014 SET UNIQUE_CHECKS=@OLD_UNIQUE_CHECKS */;
/*!40101 SET CHARACTER_SET_CLIENT=@OLD_CHARACTER_SET_CLIENT */;
/*!40101 SET CHARACTER_SET_RESULTS=@OLD_CHARACTER_SET_RESULTS */;
/*!40101 SET COLLATION_CONNECTION=@OLD_COLLATION_CONNECTION */;
/*!40111 SET SQL_NOTES=@OLD_SQL_NOTES */;

-- Dump completed on 2014-06-05 16:47:49
